
INSERT INTO person (id) VALUES ('1');
INSERT INTO users (personid,id,username,password,enabled) VALUES ('1','1','admin','123','1');

/*authorities*/
INSERT INTO authorities (id,username, authority) VALUES (1,'admin','ROLE_ADMIN');
INSERT INTO authorities (id,username, authority) VALUES (2,'user2','ROLE_DEAN');
INSERT INTO authorities (id,username, authority) VALUES (3,'user13','ROLE_CHAIRHEAD');
INSERT INTO authorities (id,username, authority) VALUES (4,'user189','ROLE_STUDENT');
INSERT INTO authorities (id,username, authority) VALUES (5,'user14','ROLE_TEACHER');
INSERT INTO authorities (id,username, authority) VALUES (6,'user26','ROLE_TEACHER');
INSERT INTO authorities (id,username, authority) VALUES (7,'user26','ROLE_STUDENT');
INSERT INTO authorities (id,username, authority) VALUES (8,'user35','ROLE_CHAIRHEAD');
INSERT INTO authorities (id,username, authority) VALUES (9,'user35','ROLE_TEACHER');
INSERT INTO authorities (id,username, authority) VALUES (10,'user57','ROLE_DEAN');
INSERT INTO authorities (id,username, authority) VALUES (11,'user57','ROLE_CHAIRHEAD');

/*state*/
INSERT INTO state (id,name) VALUES (1,'Active');
INSERT INTO state (id,name) VALUES (2,'Not active');

/*role*/
INSERT INTO role (id,name) VALUES (1,'ROLE_PRORECTOR');
INSERT INTO role (id,name) VALUES (2,'ROLE_DEAN');
INSERT INTO role (id,name) VALUES (3,'ROLE_DEANSOFFICE');
INSERT INTO role (id,name) VALUES (4,'ROLE_CHAIRHEAD');
INSERT INTO role (id,name) VALUES (5,'ROLE_STUDENT');
INSERT INTO role (id,name) VALUES (6,'ROLE_TEACHER');

/*occupation*/
INSERT INTO occupation (id,name) VALUES (1,'Декан факультету');
INSERT INTO occupation (id,name) VALUES (2,'Заступники декана з навчальної роботи');
INSERT INTO occupation (id,name) VALUES (3,'Заступник декана з наукової роботи');
INSERT INTO occupation (id,name) VALUES (4,'Заступник декана з організаційно-виховної роботи');
INSERT INTO occupation (id,name) VALUES (5,'Заступник декана з міжнародного співробітництва');
INSERT INTO occupation (id,name) VALUES (6,'Заступник декана з виховної роботи');
INSERT INTO occupation (id,name) VALUES (7,'Директор центра');
INSERT INTO occupation (id,name) VALUES (8,'Керівник');
INSERT INTO occupation (id,name) VALUES (9,'Aспірант');
INSERT INTO occupation (id,name) VALUES (10,'Завідувач кафедри');
INSERT INTO occupation (id,name) VALUES (11,'Староста групи');
INSERT INTO occupation (id,name) VALUES (12,'Заступник декана з загальних питань');
INSERT INTO occupation (id,name) VALUES (13,'Заступник декана по роботі з іноземними студентами');

/*positions*/
INSERT INTO positions (id,name) VALUES (1,'Вчитель');
INSERT INTO positions (id,name) VALUES (2,'Студент');
INSERT INTO positions (id,name) VALUES (3,'Секретарь');
INSERT INTO positions (id,name) VALUES (4,'Servicer');

/*lessontype*/
INSERT INTO lessontype (id,name) VALUES (1, 'Лекцiя');
INSERT INTO lessontype (id,name) VALUES (2, 'Практика');
INSERT INTO lessontype (id,name) VALUES (3, 'Екзамен');
INSERT INTO lessontype (id,name) VALUES (4, 'Консультацiя');

/*reporttype*/
INSERT INTO reporttype (id,name) VALUES (1, 'Екзаменацiйна');
INSERT INTO reporttype (id,name) VALUES (2, 'Модульна');
INSERT INTO reporttype (id,name) VALUES (3, 'Зведена');

/*marks*/
INSERT INTO mark (id,pmark,nmark,wmark,vmark) VALUES (1,1,1,'F','не задовільно');
INSERT INTO mark (id,pmark,nmark,wmark,vmark) VALUES (2,2,1,'F','не задовільно');
INSERT INTO mark (id,pmark,nmark,wmark,vmark) VALUES (3,3,1,'F','не задовільно');
INSERT INTO mark (id,pmark,nmark,wmark,vmark) VALUES (4,4,1,'F','не задовільно');
INSERT INTO mark (id,pmark,nmark,wmark,vmark) VALUES (5,5,1,'F','не задовільно');
INSERT INTO mark (id,pmark,nmark,wmark,vmark) VALUES (6,6,1,'F','не задовільно');
INSERT INTO mark (id,pmark,nmark,wmark,vmark) VALUES (7,7,1,'F','не задовільно');
INSERT INTO mark (id,pmark,nmark,wmark,vmark) VALUES (8,8,1,'F','не задовільно');
INSERT INTO mark (id,pmark,nmark,wmark,vmark) VALUES (9,9,1,'F','не задовільно');
INSERT INTO mark (id,pmark,nmark,wmark,vmark) VALUES (10,10,1,'F','не задовільно');
INSERT INTO mark (id,pmark,nmark,wmark,vmark) VALUES (11,11,1,'F','не задовільно');
INSERT INTO mark (id,pmark,nmark,wmark,vmark) VALUES (12,12,1,'F','не задовільно');
INSERT INTO mark (id,pmark,nmark,wmark,vmark) VALUES (13,13,1,'F','не задовільно');
INSERT INTO mark (id,pmark,nmark,wmark,vmark) VALUES (14,14,1,'F','не задовільно');
INSERT INTO mark (id,pmark,nmark,wmark,vmark) VALUES (15,15,1,'F','не задовільно');
INSERT INTO mark (id,pmark,nmark,wmark,vmark) VALUES (16,16,1,'F','не задовільно');
INSERT INTO mark (id,pmark,nmark,wmark,vmark) VALUES (17,17,1,'F','не задовільно');
INSERT INTO mark (id,pmark,nmark,wmark,vmark) VALUES (18,18,1,'F','не задовільно');
INSERT INTO mark (id,pmark,nmark,wmark,vmark) VALUES (19,19,1,'F','не задовільно');
INSERT INTO mark (id,pmark,nmark,wmark,vmark) VALUES (20,20,1,'F','не задовільно');
INSERT INTO mark (id,pmark,nmark,wmark,vmark) VALUES (21,21,1,'F','не задовільно');
INSERT INTO mark (id,pmark,nmark,wmark,vmark) VALUES (22,22,1,'F','не задовільно');
INSERT INTO mark (id,pmark,nmark,wmark,vmark) VALUES (23,23,1,'F','не задовільно');
INSERT INTO mark (id,pmark,nmark,wmark,vmark) VALUES (24,24,1,'F','не задовільно');
INSERT INTO mark (id,pmark,nmark,wmark,vmark) VALUES (25,25,1,'F','не задовільно');
INSERT INTO mark (id,pmark,nmark,wmark,vmark) VALUES (26,26,1,'F','не задовільно');
INSERT INTO mark (id,pmark,nmark,wmark,vmark) VALUES (27,27,1,'F','не задовільно');
INSERT INTO mark (id,pmark,nmark,wmark,vmark) VALUES (28,28,1,'F','не задовільно');
INSERT INTO mark (id,pmark,nmark,wmark,vmark) VALUES (29,29,1,'F','не задовільно');
INSERT INTO mark (id,pmark,nmark,wmark,vmark) VALUES (30,30,2,'FX','не задовільно');
INSERT INTO mark (id,pmark,nmark,wmark,vmark) VALUES (31,31,2,'FX','не задовільно');
INSERT INTO mark (id,pmark,nmark,wmark,vmark) VALUES (32,32,2,'FX','не задовільно');
INSERT INTO mark (id,pmark,nmark,wmark,vmark) VALUES (33,33,2,'FX','не задовільно');
INSERT INTO mark (id,pmark,nmark,wmark,vmark) VALUES (34,34,2,'FX','не задовільно');
INSERT INTO mark (id,pmark,nmark,wmark,vmark) VALUES (35,35,2,'FX','не задовільно');
INSERT INTO mark (id,pmark,nmark,wmark,vmark) VALUES (36,36,2,'FX','не задовільно');
INSERT INTO mark (id,pmark,nmark,wmark,vmark) VALUES (37,37,2,'FX','не задовільно');
INSERT INTO mark (id,pmark,nmark,wmark,vmark) VALUES (38,38,2,'FX','не задовільно');
INSERT INTO mark (id,pmark,nmark,wmark,vmark) VALUES (39,39,2,'FX','не задовільно');
INSERT INTO mark (id,pmark,nmark,wmark,vmark) VALUES (40,40,2,'FX','не задовільно');
INSERT INTO mark (id,pmark,nmark,wmark,vmark) VALUES (41,41,2,'FX','не задовільно');
INSERT INTO mark (id,pmark,nmark,wmark,vmark) VALUES (42,42,2,'FX','не задовільно');
INSERT INTO mark (id,pmark,nmark,wmark,vmark) VALUES (43,43,2,'FX','не задовільно');
INSERT INTO mark (id,pmark,nmark,wmark,vmark) VALUES (44,44,2,'FX','не задовільно');
INSERT INTO mark (id,pmark,nmark,wmark,vmark) VALUES (45,45,2,'FX','не задовільно');
INSERT INTO mark (id,pmark,nmark,wmark,vmark) VALUES (46,46,2,'FX','не задовільно');
INSERT INTO mark (id,pmark,nmark,wmark,vmark) VALUES (47,47,2,'FX','не задовільно');
INSERT INTO mark (id,pmark,nmark,wmark,vmark) VALUES (48,48,2,'FX','не задовільно');
INSERT INTO mark (id,pmark,nmark,wmark,vmark) VALUES (49,49,2,'FX','не задовільно');
INSERT INTO mark (id,pmark,nmark,wmark,vmark) VALUES (50,50,2,'FX','не задовільно');
INSERT INTO mark (id,pmark,nmark,wmark,vmark) VALUES (51,51,2,'FX','не задовільно');
INSERT INTO mark (id,pmark,nmark,wmark,vmark) VALUES (52,52,2,'FX','не задовільно');
INSERT INTO mark (id,pmark,nmark,wmark,vmark) VALUES (53,53,2,'FX','не задовільно');
INSERT INTO mark (id,pmark,nmark,wmark,vmark) VALUES (54,54,2,'FX','не задовільно');
INSERT INTO mark (id,pmark,nmark,wmark,vmark) VALUES (55,55,2,'FX','не задовільно');
INSERT INTO mark (id,pmark,nmark,wmark,vmark) VALUES (56,56,2,'FX','не задовільно');
INSERT INTO mark (id,pmark,nmark,wmark,vmark) VALUES (57,57,2,'FX','не задовільно');
INSERT INTO mark (id,pmark,nmark,wmark,vmark) VALUES (58,58,2,'FX','не задовільно');
INSERT INTO mark (id,pmark,nmark,wmark,vmark) VALUES (59,59,2,'FX','не задовільно');
INSERT INTO mark (id,pmark,nmark,wmark,vmark) VALUES (60,60,3,'DE','задовільно');
INSERT INTO mark (id,pmark,nmark,wmark,vmark) VALUES (61,61,3,'DE','задовільно');
INSERT INTO mark (id,pmark,nmark,wmark,vmark) VALUES (62,62,3,'DE','задовільно');
INSERT INTO mark (id,pmark,nmark,wmark,vmark) VALUES (63,63,3,'DE','задовільно');
INSERT INTO mark (id,pmark,nmark,wmark,vmark) VALUES (64,64,3,'DE','задовільно');
INSERT INTO mark (id,pmark,nmark,wmark,vmark) VALUES (65,65,3,'DE','задовільно');
INSERT INTO mark (id,pmark,nmark,wmark,vmark) VALUES (66,66,3,'DE','задовільно');
INSERT INTO mark (id,pmark,nmark,wmark,vmark) VALUES (67,67,3,'DE','задовільно');
INSERT INTO mark (id,pmark,nmark,wmark,vmark) VALUES (68,68,3,'DE','задовільно');
INSERT INTO mark (id,pmark,nmark,wmark,vmark) VALUES (69,69,3,'DE','задовільно');
INSERT INTO mark (id,pmark,nmark,wmark,vmark) VALUES (70,70,3,'DE','задовільно');
INSERT INTO mark (id,pmark,nmark,wmark,vmark) VALUES (71,71,3,'DE','задовільно');
INSERT INTO mark (id,pmark,nmark,wmark,vmark) VALUES (72,72,3,'DE','задовільно');
INSERT INTO mark (id,pmark,nmark,wmark,vmark) VALUES (73,73,3,'DE','задовільно');
INSERT INTO mark (id,pmark,nmark,wmark,vmark) VALUES (74,74,3,'DE','задовільно');
INSERT INTO mark (id,pmark,nmark,wmark,vmark) VALUES (75,75,4,'BC','добре');
INSERT INTO mark (id,pmark,nmark,wmark,vmark) VALUES (76,76,4,'BC','добре');
INSERT INTO mark (id,pmark,nmark,wmark,vmark) VALUES (77,77,4,'BC','добре');
INSERT INTO mark (id,pmark,nmark,wmark,vmark) VALUES (78,78,4,'BC','добре');
INSERT INTO mark (id,pmark,nmark,wmark,vmark) VALUES (79,79,4,'BC','добре');
INSERT INTO mark (id,pmark,nmark,wmark,vmark) VALUES (80,80,4,'BC','добре');
INSERT INTO mark (id,pmark,nmark,wmark,vmark) VALUES (81,81,4,'BC','добре');
INSERT INTO mark (id,pmark,nmark,wmark,vmark) VALUES (82,82,4,'BC','добре');
INSERT INTO mark (id,pmark,nmark,wmark,vmark) VALUES (83,83,4,'BC','добре');
INSERT INTO mark (id,pmark,nmark,wmark,vmark) VALUES (84,84,4,'BC','добре');
INSERT INTO mark (id,pmark,nmark,wmark,vmark) VALUES (85,85,4,'BC','добре');
INSERT INTO mark (id,pmark,nmark,wmark,vmark) VALUES (86,86,4,'BC','добре');
INSERT INTO mark (id,pmark,nmark,wmark,vmark) VALUES (87,87,4,'BC','добре');
INSERT INTO mark (id,pmark,nmark,wmark,vmark) VALUES (88,88,4,'BC','добре');
INSERT INTO mark (id,pmark,nmark,wmark,vmark) VALUES (89,89,4,'BC','добре');
INSERT INTO mark (id,pmark,nmark,wmark,vmark) VALUES (90,90,5,'A','відмінно');
INSERT INTO mark (id,pmark,nmark,wmark,vmark) VALUES (91,91,5,'A','відмінно');
INSERT INTO mark (id,pmark,nmark,wmark,vmark) VALUES (92,92,5,'A','відмінно');
INSERT INTO mark (id,pmark,nmark,wmark,vmark) VALUES (93,93,5,'A','відмінно');
INSERT INTO mark (id,pmark,nmark,wmark,vmark) VALUES (94,94,5,'A','відмінно');
INSERT INTO mark (id,pmark,nmark,wmark,vmark) VALUES (95,95,5,'A','відмінно');
INSERT INTO mark (id,pmark,nmark,wmark,vmark) VALUES (96,96,5,'A','відмінно');
INSERT INTO mark (id,pmark,nmark,wmark,vmark) VALUES (97,97,5,'A','відмінно');
INSERT INTO mark (id,pmark,nmark,wmark,vmark) VALUES (98,98,5,'A','відмінно');
INSERT INTO mark (id,pmark,nmark,wmark,vmark) VALUES (99,99,5,'A','відмінно');
INSERT INTO mark (id,pmark,nmark,wmark,vmark) VALUES (100,100,5,'A','відмінно');


/*marktype*/
INSERT INTO marktype (id,name) VALUES ('1','Екзамен');
INSERT INTO marktype (id,name) VALUES ('2','Залік');
INSERT INTO marktype (id,name) VALUES ('3','Диференційный залік');
INSERT INTO marktype (id,name) VALUES ('4','Курсова робота');


/*person*/
/*Факультет української й іноземної філології та мистецтвознавства*/
INSERT INTO person (id,lastnameua,firstnameua,middlenameua,lastnameru,firstnameru,middlenameru,lastnameeng,firstnameeng,dob,details) VALUES (2,'Попова','Ірина','Степанівна','Попова','Ирина','Степановна','Popova','Irene','1964-09-02','кандидат філологічних наук, професор');
INSERT INTO person (id,lastnameua,firstnameua,middlenameua,lastnameru,firstnameru,middlenameru,lastnameeng,firstnameeng,dob,details) VALUES (3,'Греченко-Журавська','Вікторія','Михайлівна','Греченко-Журавская','Виктория','Михайловна','Hrechenko-Zhuravska ',' Victoria ','1967-10-01','кандидат філологічних наук, доцент');
INSERT INTO person (id,lastnameua,firstnameua,middlenameua,lastnameru,firstnameru,middlenameru,lastnameeng,firstnameeng,dob,details) VALUES (4,'Онищенко','Геннадій','Анатолійович','Онищенко','Геннадий','Анатольевич','Onishchenko','Gennady','1966-07-08','кандидат філологічних наук, доцент');
INSERT INTO person (id,lastnameua,firstnameua,middlenameua,lastnameru,firstnameru,middlenameru,lastnameeng,firstnameeng,dob,details) VALUES (5,'Панченко','Олена','Іванівна','Панченко','Елена','Ивановна','Panchenko','Elena','1961-11-04','доктор  філологічних наук, професор');
INSERT INTO person (id,lastnameua,firstnameua,middlenameua,lastnameru,firstnameru,middlenameru,lastnameeng,firstnameeng,dob,details) VALUES (6,'Гонюк','Олександра','Валеріївна','Гонюк','Александра','Валерьевна','Honyuk','Alexander','1961-12-04','кандидат філологічних наук, доцент');
INSERT INTO person (id,lastnameua,firstnameua,middlenameua,lastnameru,firstnameru,middlenameru,lastnameeng,firstnameeng,dob,details) VALUES (7,'Ковальчук','Микола','Савелійович','Ковальчук','Николай','Савельевич','Kovalchuk','Nicholas','1968-03-06','кандидат філологічних наук, доцент');
INSERT INTO person (id,lastnameua,firstnameua,middlenameua,lastnameru,firstnameru,middlenameru,lastnameeng,firstnameeng,dob,details) VALUES (8,'Анісімова','Алла','Ігорівна','Анисимова','Алла','Игоревна','Anisimov','Allen','1972-02-06','кандидат філологічних наук, доцент');
INSERT INTO person (id,lastnameua,firstnameua,middlenameua,lastnameru,firstnameru,middlenameru,lastnameeng,firstnameeng,dob,details) VALUES (9,'Дьяконов','Георгій','Петрович','Дьяконов','Георгий','Петрович','Dyakonov','George','1974-10-10','кандидат філологічних наук, доцент');
INSERT INTO person (id,lastnameua,firstnameua,middlenameua,lastnameru,firstnameru,middlenameru,lastnameeng,firstnameeng,dob,details) VALUES (10,'Пономарьова','Людмила','Василівна','Пономарева','Людмила','Васильевна','Ponomarev','Lyudmila','1971-09-02','кандидат філологічних наук, доцент');
INSERT INTO person (id,lastnameua,firstnameua,middlenameua,lastnameru,firstnameru,middlenameru,lastnameeng,firstnameeng,dob,details) VALUES (11,'Ліпіна','Вікторія','Іванівна','Липина','Виктория','Ивановна','Lipina','Victoria','1976-12-04','доктор філологічних наук, професор');
INSERT INTO person (id,lastnameua,firstnameua,middlenameua,lastnameru,firstnameru,middlenameru,lastnameeng,firstnameeng,dob,details) VALUES (12,'Пристайко','Тамара','Степанівна','Пристайко','Тамара','Степановна','Prystayko','Tamara','1968-11-11','доктор філологічних наук, професор, заслужений викладач ДНУ імені Олеся Гончара');
INSERT INTO person (id,lastnameua,firstnameua,middlenameua,lastnameru,firstnameru,middlenameru,lastnameeng,firstnameeng,dob,details) VALUES (13,'Олійник','Наталія','Петрівна','Олейник','Наталья','Петровна','Oleinik','Natalia','1979-01-02','кандидат філологічних наук, доцент.');
INSERT INTO person (id,lastnameua,firstnameua,middlenameua,lastnameru,firstnameru,middlenameru,lastnameeng,firstnameeng,dob,details) VALUES (14,'Потніцева','Тетяна','Миколаївна','Потницева','Татьяна','Николаевна','Potnitseva','Tatiana','1963-01-05','доктор філологічних наук, професор');
INSERT INTO person (id,lastnameua,firstnameua,middlenameua,lastnameru,firstnameru,middlenameru,lastnameeng,firstnameeng,dob,details) VALUES (15,'Рижикова','Світлана','Юріївна','Рыжикова','Светлана','Юрьевна','Ryzhikov','Svetlana','1954-12-12','кандидат філологічних наук, доцент');
INSERT INTO person (id,lastnameua,firstnameua,middlenameua,lastnameru,firstnameru,middlenameru,lastnameeng,firstnameeng,dob,details) VALUES (26,'Семешко','Едуард','Григорович','Семешко','Эдуард','Григорьевич','Semeshko','Edward','1984-06-10','доцент');
INSERT INTO person (id,lastnameua,firstnameua,middlenameua,lastnameru,firstnameru,middlenameru,lastnameeng,firstnameeng,dob,details) VALUES (27,'Панченко','Олена','Іванівна','Панченко','Елена','Ивановна','Panchenko','Elena','1964-11-02','доктор філологічних наук, професор');
/*Факультет суспільних наук і міжнародних відносин*/ 
INSERT INTO person (id,lastnameua,firstnameua,middlenameua,lastnameru,firstnameru,middlenameru,lastnameeng,firstnameeng,dob,details) VALUES (28,'Токовенко','Олександр','Сергійович','Токовенко','Александр','Сергеевич','Tokovenko','Alexander','1959-02-11','доктор філософських наук, професор, академiк Української академії політичних наук');
INSERT INTO person (id,lastnameua,firstnameua,middlenameua,lastnameru,firstnameru,middlenameru,lastnameeng,firstnameeng,dob,details) VALUES (29,'Кривошеїн','Віталій','Володимирович','Кривошеин','Виталий','Владимирович','Kryvosheyin','Vitaly','1979-01-02','доктор політичних наук, доцент');
INSERT INTO person (id,lastnameua,firstnameua,middlenameua,lastnameru,firstnameru,middlenameru,lastnameeng,firstnameeng,dob,details) VALUES (30,'Шевцов','Сергій','Вікторович','Шевцов','Сергей','Викторович','Shevtsov','Sergei','1979-01-02','доктор філософських наук, доцент');
INSERT INTO person (id,lastnameua,firstnameua,middlenameua,lastnameru,firstnameru,middlenameru,lastnameeng,firstnameeng,dob,details) VALUES (31,'Іщенко','Ігор','Васильович','Ищенко','Игорь','Васильевич','Ischenko','Igor','1954-12-12','кандидат історичних наук, доцент');
INSERT INTO person (id,lastnameua,firstnameua,middlenameua,lastnameru,firstnameru,middlenameru,lastnameeng,firstnameeng,dob,details) VALUES (32,'Герман','Юлія','Олександрівна','Герман','Юлия','Александровна','Herman','Julia','1972-02-06','кандидат історичних наук, доцент.');
INSERT INTO person (id,lastnameua,firstnameua,middlenameua,lastnameru,firstnameru,middlenameru,lastnameeng,firstnameeng,dob,details) VALUES (33,'Гнатенко','Петро','Іванович','Гнатенко','Петр','Иванович','Gnatenko','Peter','1961-11-04','доктор філософських наук, професор, член-кореспондент Національної академії педагогічних наук України, заслужений діяч науки і техніки України, відмінник освіти України');
INSERT INTO person (id,lastnameua,firstnameua,middlenameua,lastnameru,firstnameru,middlenameru,lastnameeng,firstnameeng,dob,details) VALUES (34,'Ніколенко','Вадим','Вікторович','Николенко','Вадим','Викторович','Nikolenko','Vadim','1961-11-04','кандидат соціологічних наук, доцент');
INSERT INTO person (id,lastnameua,firstnameua,middlenameua,lastnameru,firstnameru,middlenameru,lastnameeng,firstnameeng,dob,details) VALUES (35,'Тупиця','Олег','Леонідович','Тупица','Олег','Леонидович','Dunce','Oleg','1964-09-02','доктор політичних наук, кандидат історичних наук, доцент, заслужений працівник освіти України, відмінник освіти України');
INSERT INTO person (id,lastnameua,firstnameua,middlenameua,lastnameru,firstnameru,middlenameru,lastnameeng,firstnameeng,dob,details) VALUES (36,'Шепєлєв','Максиміліан','Альбертович','Шепелев','Максимилиан','Альбертович','Shepyelyev','Maximilian','1972-02-06','доктор політичних наук, кандидат філософських наук, професор');
INSERT INTO person (id,lastnameua,firstnameua,middlenameua,lastnameru,firstnameru,middlenameru,lastnameeng,firstnameeng,dob,details) VALUES (37,'Осетрова','Оксана','Олександрівна','Осетрова','Оксана','Александровна','Sturgeon','Oksana','1972-02-06','доктор філософських наук, професор');
/*Історичний факультет*/
INSERT INTO person (id,lastnameua,firstnameua,middlenameua,lastnameru,firstnameru,middlenameru,lastnameeng,firstnameeng,dob,details) VALUES (38,'Світленко','Сергій','Іванович','Свитленко','Сергей','Иванович','Svitlenko','Sergei','1954-12-12','доктор історичних наук,  професор кафедри історії України');
INSERT INTO person (id,lastnameua,firstnameua,middlenameua,lastnameru,firstnameru,middlenameru,lastnameeng,firstnameeng,dob,details) VALUES (39,'Святець','Юрій','Анатолійович','Святец','Юрий','Анатольевич','Saint','George','1972-02-06','доктор історичних наук,  доцент, завідувач кафедри історії України');
INSERT INTO person (id,lastnameua,firstnameua,middlenameua,lastnameru,firstnameru,middlenameru,lastnameeng,firstnameeng,dob,details) VALUES (40,'Ващенко','Володимир','Володимирович','Ващенко','Владимир','Владимирович','Vashchenko','Vladimir','1979-01-02','доктор історичних наук, професор кафедри історіографії, джерелознавства та архівознавства');
INSERT INTO person (id,lastnameua,firstnameua,middlenameua,lastnameru,firstnameru,middlenameru,lastnameeng,firstnameeng,dob,details) VALUES (41,'Фещенко','Євген','Леонорович','Фещенко','Евгений','Леонорович','Feschenko','Eugene','1972-02-06','кандидат історичних наук, доцент кафедри історіографії, джерелознавства та архівознавства');
INSERT INTO person (id,lastnameua,firstnameua,middlenameua,lastnameru,firstnameru,middlenameru,lastnameeng,firstnameeng,dob,details) VALUES (42,'Мирончук','В''ячеслав','Дмитрович','Мирончук','Вячеслав','Дмитриевич','Myronchuk','Vyacheslav','1954-12-12','кандидат історичних наук,  доцент кафедри російської історії');
INSERT INTO person (id,lastnameua,firstnameua,middlenameua,lastnameru,firstnameru,middlenameru,lastnameeng,firstnameeng,dob,details) VALUES (43,'Тесленко','Дмитро','Леонідович','Тесленко','Дмитрий','Леонидович','Teslenko','Dmitry','1979-01-02','кандидат історичних наук, доцент');
INSERT INTO person (id,lastnameua,firstnameua,middlenameua,lastnameru,firstnameru,middlenameru,lastnameeng,firstnameeng,dob,details) VALUES (44,'Святець','Юрій','Анатолійович','Святец','Юрий','Анатольевич','Saint','Yury','1972-02-06','доктор історичних наук, доцент');
INSERT INTO person (id,lastnameua,firstnameua,middlenameua,lastnameru,firstnameru,middlenameru,lastnameeng,firstnameeng,dob,details) VALUES (45,'Журба','Олег','Іванович','Журба','Олег','Иванович','Zhurba','Oleg','1972-02-06','доктор історичних наук, професор.');
INSERT INTO person (id,lastnameua,firstnameua,middlenameua,lastnameru,firstnameru,middlenameru,lastnameeng,firstnameeng,dob,details) VALUES (46,'Іваненко','Валентин','Васильович','Иваненко','Валентин','Васильевич','Ivanenko','Valentine','1961-11-04','доктор історичних наук, професор, проректор ДНУ');
INSERT INTO person (id,lastnameua,firstnameua,middlenameua,lastnameru,firstnameru,middlenameru,lastnameeng,firstnameeng,dob,details) VALUES (47,'Шляхов','Олексій','Борисович','Шляхов','Алексей','Борисович','Shlyakhov','Alex','1977-04-06','доктор історичних наук, професор');
/*Факультет психології*/
INSERT INTO person (id,lastnameua,firstnameua,middlenameua,lastnameru,firstnameru,middlenameru,lastnameeng,firstnameeng,dob,details) VALUES (48,'Мусіяка','Вольєн','Григорович','Мусияка','Вольен','Григорьевич','Musiyaka','Volyen','1972-02-06','канд. фізико-математичних наук, професор, заслужений працівник освіти України'); 
INSERT INTO person (id,lastnameua,firstnameua,middlenameua,lastnameru,firstnameru,middlenameru,lastnameeng,firstnameeng,dob,details) VALUES (49,'Приходько','Тетяна','Павлівна','Приходько','Татьяна','Павловна','Stranger','Tatiana','1964-09-02','канд. педагог чн. наук, доцент кафедри педагогіки та корекційної освіти'); 
INSERT INTO person (id,lastnameua,firstnameua,middlenameua,lastnameru,firstnameru,middlenameru,lastnameeng,firstnameeng,dob,details) VALUES (50,'Грисенко','Наталія','Володимирівна','Грисенко','Наталья','Владимировна','Hrysenko','Natalia','1954-12-12','кандидат психологічних наук, старший викладач'); 
INSERT INTO person (id,lastnameua,firstnameua,middlenameua,lastnameru,firstnameru,middlenameru,lastnameeng,firstnameeng,dob,details) VALUES (51,'Бондаренко','Зоя','Петрівна','Бондаренко','Зоя','Петровна','Bondarenko','Zoe','1972-02-06','кандидат педагогічних наук, доцент, Відмінник освіти України'); 
INSERT INTO person (id,lastnameua,firstnameua,middlenameua,lastnameru,firstnameru,middlenameru,lastnameeng,firstnameeng,dob,details) VALUES (52,'Бондаревська','Ірина','Олегівна','Бондаревская','Ирина','Олеговна','Bondarevskaya','Irene','1979-01-02','кандидат психологічних наук, доцент'); 
INSERT INTO person (id,lastnameua,firstnameua,middlenameua,lastnameru,firstnameru,middlenameru,lastnameeng,firstnameeng,dob,details) VALUES (53,'Волков','Дмитро','Сергійович','Волков','Дмитрий','Сергеевич','Volkov','Dmitry','1972-02-06','кандидат психологічних наук, доцент'); 
INSERT INTO person (id,lastnameua,firstnameua,middlenameua,lastnameru,firstnameru,middlenameru,lastnameeng,firstnameeng,dob,details) VALUES (54,'Аршава','Ірина','Федорівна','Аршава','Ирина','Федоровна','Arshava','Irene','1972-02-06','професор, доктор психологічних наук, Заслужений працівник освіти України, член-кореспондент Академії медико-технічних наук України, член-кореспондент Академії наук соціальних технологій та місцевого самоврядування'); 
INSERT INTO person (id,lastnameua,firstnameua,middlenameua,lastnameru,firstnameru,middlenameru,lastnameeng,firstnameeng,dob,details) VALUES (55,'Батраченко','Іван','Георгійович','Батраченко','Иван','Георгиевич','Batrachenko','John','1954-12-12','доктор психологічних наук, доцент'); 
INSERT INTO person (id,lastnameua,firstnameua,middlenameua,lastnameru,firstnameru,middlenameru,lastnameeng,firstnameeng,dob,details) VALUES (56,'Коробов','Євген','Тимофійович','Коробов','Евгений','Тимофеевич','Korobov','Eugene','1964-09-02','кандидат педагогічних наук, доцент'); 
/*Геолого-географічний факультет*/
INSERT INTO person (id,lastnameua,firstnameua,middlenameua,lastnameru,firstnameru,middlenameru,lastnameeng,firstnameeng,dob,details) VALUES (57,'Богданович','Володимир','Володимирович','Богданович','Владимир','Владимирович','Bohdanovych','Volodymyr','1961-11-04','кандидат геолого-мінералогічних наук, професор'); 
INSERT INTO person (id,lastnameua,firstnameua,middlenameua,lastnameru,firstnameru,middlenameru,lastnameeng,firstnameeng,dob,details) VALUES (58,'Шерстюк','Наталія','Петрівна','Шерстюк','Наталья','Петровна','Sherstyuk','Natalia','1972-02-06','кандидат географічних наук, доцент'); 
INSERT INTO person (id,lastnameua,firstnameua,middlenameua,lastnameru,firstnameru,middlenameru,lastnameeng,firstnameeng,dob,details) VALUES (59,'Барг','Ігор','Мусійович','Барг','Игорь','Моисеевич','Barg','Igor','1961-11-04','доктор геолого-мінералогічних наук, професор'); 
INSERT INTO person (id,lastnameua,firstnameua,middlenameua,lastnameru,firstnameru,middlenameru,lastnameeng,firstnameeng,dob,details) VALUES (60,'Безуглий','Віталій','Вікторович','Безуглый','Виталий','Викторович','Bezugly','Vitaly','1979-01-02','кандидат педагогічних наук, доцент'); 
INSERT INTO person (id,lastnameua,firstnameua,middlenameua,lastnameru,firstnameru,middlenameru,lastnameeng,firstnameeng,dob,details) VALUES (61,'Мокрицька','Тетяна','Петрівна','Мокрицкая','Татьяна','Петровна','Mokritskiy','Tatiana','1965-01-01','кандидат геологічних наук, доцент'); 
INSERT INTO person (id,lastnameua,firstnameua,middlenameua,lastnameru,firstnameru,middlenameru,lastnameeng,firstnameeng,dob,details) VALUES (62,'Зеленська','Любов','Іванівна','Зеленская','Любовь','Ивановна','Zelenskaya','Lubov','1972-02-06','доктор педагогічних наук, професор'); 
INSERT INTO person (id,lastnameua,firstnameua,middlenameua,lastnameru,firstnameru,middlenameru,lastnameeng,firstnameeng,dob,details) VALUES (63,'Шерстюк','Наталія','Петрівна','Шерстюк','Наталья','Петровна','Sherstyuk','Natalia','1966-07-08','кандидат географічних наук, доцент'); 
INSERT INTO person (id,lastnameua,firstnameua,middlenameua,lastnameru,firstnameru,middlenameru,lastnameeng,firstnameeng,dob,details) VALUES (64,'Євграшкіна','Галина','Петрівна','Евграшкина','Галина','Петровна','Yevhrashkina','Galina','1964-09-02','доктор геологічних наук, професор'); 
/*Факультет прикладної математики*/
INSERT INTO person (id,lastnameua,firstnameua,middlenameua,lastnameru,firstnameru,middlenameru,lastnameeng,firstnameeng,dob,details) VALUES (65,'Кісельова','Олена','Михайлівна','Киселева','Елена','Михайловна','Kiselyova','Elena','1954-12-12','доктор фізико-математичних наук, професор'); 
INSERT INTO person (id,lastnameua,firstnameua,middlenameua,lastnameru,firstnameru,middlenameru,lastnameeng,firstnameeng,dob,details) VALUES (66,'Сорокін','Володимир','Іванович','Сорокин','Владимир','Иванович','Sorokin','Vladimir','1961-11-04','кандидат фізико-математичних наук, доцент'); 
INSERT INTO person (id,lastnameua,firstnameua,middlenameua,lastnameru,firstnameru,middlenameru,lastnameeng,firstnameeng,dob,details) VALUES (67,'Сегеда','Надія','Євстахіївна','Сегеда','Надежда','Евстахиевна','Segeda','Hope','1972-02-06','старший викладач'); 
INSERT INTO person (id,lastnameua,firstnameua,middlenameua,lastnameru,firstnameru,middlenameru,lastnameeng,firstnameeng,dob,details) VALUES (68,'Сірик','Світлана','Федорівна','Сирик','Светлана','Федоровна','Sirik','Svetlana','1966-07-08','асистент'); 
INSERT INTO person (id,lastnameua,firstnameua,middlenameua,lastnameru,firstnameru,middlenameru,lastnameeng,firstnameeng,dob,details) VALUES (69,'Кісельова','Олена','Михайлівна','Киселева','Елена','Михайловна','Kiselyova','Elena','1979-01-06','доктор фізико-математичних наук, професор, "Відмінник освіти України", "Заслужений діяч науки і техніки України'); 
INSERT INTO person (id,lastnameua,firstnameua,middlenameua,lastnameru,firstnameru,middlenameru,lastnameeng,firstnameeng,dob,details) VALUES (70,'Байбуз','Олег','Григорович','Байбуз','Олег','Григорьевич','Baybuz','Oleg','1972-02-06','доктор технічних наук, професор, Відмінник освіти України'); 
INSERT INTO person (id,lastnameua,firstnameua,middlenameua,lastnameru,firstnameru,middlenameru,lastnameeng,firstnameeng,dob,details) VALUES (71,'Ламзюк','Володимир','Дмитрович','Ламзюк','Владимир','Дмитриевич','Lamzyuk','Vladimir','1979-01-02','кандидат фізико-математичних наук, доцент, відмінник освіти України", заслужений викладач Дніпропетровського університету'); 
INSERT INTO person (id,lastnameua,firstnameua,middlenameua,lastnameru,firstnameru,middlenameru,lastnameeng,firstnameeng,dob,details) VALUES (72,'Хижа','Олександр','Леонідович','Хижина','Александр','Леонидович','Chyja','Alexander','1964-09-02','канд. фізико-математичних наук, доцент'); 
/*Економічний факультет*/
INSERT INTO person (id,lastnameua,firstnameua,middlenameua,lastnameru,firstnameru,middlenameru,lastnameeng,firstnameeng,dob,details) VALUES (73,'Смирнов','Сергій','Олександрович','Смирнов','Сергей','Александрович','Smirnov','Sergei','1954-12-12','доктор фізико-математичних наук, професор, заслужений діяч науки і техніки України'); 
INSERT INTO person (id,lastnameua,firstnameua,middlenameua,lastnameru,firstnameru,middlenameru,lastnameeng,firstnameeng,dob,details) VALUES (74,'Шуваєва','Тетяна','Олександрівна','Шуваева','Татьяна','Александровна','Shuvaeva', 'Tatiana','1961-11-04','доцент'); 
INSERT INTO person (id,lastnameua,firstnameua,middlenameua,lastnameru,firstnameru,middlenameru,lastnameeng,firstnameeng,dob,details) VALUES (75,'Корнєєв','Максим','Валерійович','Корнеев','Максим','Валерьевич','Korneev','Max','1979-01-02','кандидат економічних наук, доцент'); 
INSERT INTO person (id,lastnameua,firstnameua,middlenameua,lastnameru,firstnameru,middlenameru,lastnameeng,firstnameeng,dob,details) VALUES (76,'Павлов','Роман','Анатолійович','Павлов','Роман','Анатольевич','Pavlov','Roman','1972-02-06','кандидат економічних наук, доцент'); 
INSERT INTO person (id,lastnameua,firstnameua,middlenameua,lastnameru,firstnameru,middlenameru,lastnameeng,firstnameeng,dob,details) VALUES (77,'Щеньова','Віра','Борисівна','Щеньова','Вера','Борисовна','Schenova','Vera','1954-12-12','кандидат технічних наук доцент'); 
INSERT INTO person (id,lastnameua,firstnameua,middlenameua,lastnameru,firstnameru,middlenameru,lastnameeng,firstnameeng,dob,details) VALUES (78,'Касян','Сергій','Якович','Касьян','Сергей','Яковлевич','Kasyan','Sergei','1964-09-02','кандидат економічних наук'); 
INSERT INTO person (id,lastnameua,firstnameua,middlenameua,lastnameru,firstnameru,middlenameru,lastnameeng,firstnameeng,dob,details) VALUES (79,'Ус','Олена','Олександрівна','Ус','Елена','Александровна','Us','Elena','1966-07-08','доцент'); 
INSERT INTO person (id,lastnameua,firstnameua,middlenameua,lastnameru,firstnameru,middlenameru,lastnameeng,firstnameeng,dob,details) VALUES (80,'Буряковський','Вадим','Всеволодович','Буряковский','Вадим','Всеволодович','Buryakovskyy','Vadim','1966-07-08','кандидат економічних наук, професор'); 
INSERT INTO person (id,lastnameua,firstnameua,middlenameua,lastnameru,firstnameru,middlenameru,lastnameeng,firstnameeng,dob,details) VALUES (81,'Шевцова','Олена','Йосипівна','Шевцова','Елена','Иосифовна','Shevtsova','Elena','1979-01-02','доктор економічних наук, професор, відмінник освіти України'); 
INSERT INTO person (id,lastnameua,firstnameua,middlenameua,lastnameru,firstnameru,middlenameru,lastnameeng,firstnameeng,dob,details) VALUES (82,'Гуня','Володимир','Олександрович','Гуня','Владимир','Александрович','Hunja','Vladimir','1972-02-06','кандидат економічних наук, професор'); 
INSERT INTO person (id,lastnameua,firstnameua,middlenameua,lastnameru,firstnameru,middlenameru,lastnameeng,firstnameeng,dob,details) VALUES (83,'Коренюк','Петро','Іванович','Коренюк','Петр','Иванович','Korenyuk','Peter','1972-02-06','доктор економічних наук, доцент'); 
INSERT INTO person (id,lastnameua,firstnameua,middlenameua,lastnameru,firstnameru,middlenameru,lastnameeng,firstnameeng,dob,details) VALUES (84,'Єлісєєва','Оксана','Костянтинівна','Елисеева','Оксана','Константиновна','Yeliseyev','Oksana','1966-07-08','доктор економічних наук, доцент'); 
INSERT INTO person (id,lastnameua,firstnameua,middlenameua,lastnameru,firstnameru,middlenameru,lastnameeng,firstnameeng,dob,details) VALUES (85,'Хамініч','Світлана','Юріївна','Хаминич','Светлана','Юрьевна','Haminich','Svetlana','1964-09-02','доктор економічних наук, професор'); 
INSERT INTO person (id,lastnameua,firstnameua,middlenameua,lastnameru,firstnameru,middlenameru,lastnameeng,firstnameeng,dob,details) VALUES (86,'Дучинська','Ніна','Іванівна','Дучинской','Нина','Ивановна','Duchynska','Nina','1972-02-06','доктор економічних наук, доцент'); 
INSERT INTO person (id,lastnameua,firstnameua,middlenameua,lastnameru,firstnameru,middlenameru,lastnameeng,firstnameeng,dob,details) VALUES (87,'Яковенко','Олександр','Григорович','Яковенко','Александр','Григорьевич','Yakovenko','Alexander','1961-11-04','доктор технічних наук, професор'); 
INSERT INTO person (id,lastnameua,firstnameua,middlenameua,lastnameru,firstnameru,middlenameru,lastnameeng,firstnameeng,dob,details) VALUES (88,'Притоманова','Ольга','Михайлівна','Притоманов','Ольга','Михайловна','Prytomanova','Olga','1964-09-02','кандидат економічних наук, доцент'); 
INSERT INTO person (id,lastnameua,firstnameua,middlenameua,lastnameru,firstnameru,middlenameru,lastnameeng,firstnameeng,dob,details) VALUES (89,'Ваняркін','Вадим','Михайлович','Ваняркин','Вадим','Михайлович','Vanyarkin','Vadim','1972-02-06','кандидат філологічних наук, доцент'); 
/*Факультет міжнародної економіки*/
INSERT INTO person (id,lastnameua,firstnameua,middlenameua,lastnameru,firstnameru,middlenameru,lastnameeng,firstnameeng,dob,details) VALUES (90,'Сазонець','Ігор','Леонідович','Сазонец','Игорь','Леонидович','Sazonets','Igor','1954-12-12','доктор економічних наук, професор, академік Академії економічних наук  України'); 
INSERT INTO person (id,lastnameua,firstnameua,middlenameua,lastnameru,firstnameru,middlenameru,lastnameeng,firstnameeng,dob,details) VALUES (91,'Литвин','Марина','Валентинівна','Литвин','Марина','Валентиновна','Lytvyn','Marina','1964-09-02','кандидат економічних наук, викладач'); 
INSERT INTO person (id,lastnameua,firstnameua,middlenameua,lastnameru,firstnameru,middlenameru,lastnameeng,firstnameeng,dob,details) VALUES (92,'Нямєщук','Анна','Валеріївна','Нямещук','Анна','Валерьевна','Nyamyeschuk','Anna','1972-02-06','кандидат економічних наук, доцент'); 
INSERT INTO person (id,lastnameua,firstnameua,middlenameua,lastnameru,firstnameru,middlenameru,lastnameeng,firstnameeng,dob,details) VALUES (93,'Кобченко','Андрій','Андрійович','Кобченко','Андрей','Андреевич','Kobchenko','Andrew','1972-02-06','старший викладач'); 
INSERT INTO person (id,lastnameua,firstnameua,middlenameua,lastnameru,firstnameru,middlenameru,lastnameeng,firstnameeng,dob,details) VALUES (94,'Краснікова','Наталя','Олександрівна','Красникова','Наталья','Александровна','Krasnikova','Natalia','1961-11-04','старший викладач'); 
INSERT INTO person (id,lastnameua,firstnameua,middlenameua,lastnameru,firstnameru,middlenameru,lastnameeng,firstnameeng,dob,details) VALUES (95,'Стукало','Наталія','Вадимівна','Стукало','Наталья','Вадимовна','Stukalo','Natalia','1954-12-12','доктор економічних наук, професор'); 
INSERT INTO person (id,lastnameua,firstnameua,middlenameua,lastnameru,firstnameru,middlenameru,lastnameeng,firstnameeng,dob,details) VALUES (96,'Тимошенко','Лідія','Михайлівна','Тимошенко','Лидия','Михайловна','Timoshenko','Lydia','1979-01-02','доктор економічних наук,  професор, академік Акдемії економічних наук України'); 
INSERT INTO person (id,lastnameua,firstnameua,middlenameua,lastnameru,firstnameru,middlenameru,lastnameeng,firstnameeng,dob,details) VALUES (97,'Мешко','Наталія','Петрівна','Мешко','Наталья','Петровна','Mieszko','Natalia','1972-02-06','доктор економічних наук, професор'); 
INSERT INTO person (id,lastnameua,firstnameua,middlenameua,lastnameru,firstnameru,middlenameru,lastnameeng,firstnameeng,dob,details) VALUES (98,'Пономарьова','Лілія','Федорівна','Пономарева','Лилия','Федоровна','Ponomarev','Lily','1972-02-06','кандидат філологічних наук, доцент.'); 
/*Факультет систем і засобів масової комунікації*/
INSERT INTO person (id,lastnameua,firstnameua,middlenameua,lastnameru,firstnameru,middlenameru,lastnameeng,firstnameeng,dob,details) VALUES (99,'Демченко','Володимир','Дмитрович','Демченко','Владимир','Дмитриевич','Demchenko','Vladimir','1954-12-12','доктор філологічних наук,  професор, заслужений журналіст України'); 
INSERT INTO person (id,lastnameua,firstnameua,middlenameua,lastnameru,firstnameru,middlenameru,lastnameeng,firstnameeng,dob,details) VALUES (100,'Лященко','Анжела','Вадимівна','Лященко','Анжела','Вадимовна','Lyashchenko','Angela','1972-02-06','кандидат  наук із соціальних комунікацій,  доцент'); 
INSERT INTO person (id,lastnameua,firstnameua,middlenameua,lastnameru,firstnameru,middlenameru,lastnameeng,firstnameeng,dob,details) VALUES (101,'Сухенко','Інна','Миколаївна','Сухенко','Инна','Николаевна','Sukhenko','Ina','1964-09-02','кандидат філологічних наук, доцент'); 
INSERT INTO person (id,lastnameua,firstnameua,middlenameua,lastnameru,firstnameru,middlenameru,lastnameeng,firstnameeng,dob,details) VALUES (102,'Полішко','Наталя','Євгенівна','Полишко','Наталья','Евгеньевна','Polishko','Natalia','1961-11-04','кандидат філологічних наук, доцент'); 
INSERT INTO person (id,lastnameua,firstnameua,middlenameua,lastnameru,firstnameru,middlenameru,lastnameeng,firstnameeng,dob,details) VALUES (103,'Демченко','Сергій','Володимирович','Демченко','Сергей','Владимирович','Demchenko','Sergei','1954-12-12','кандидат політичних наук, доцент'); 
INSERT INTO person (id,lastnameua,firstnameua,middlenameua,lastnameru,firstnameru,middlenameru,lastnameeng,firstnameeng,dob,details) VALUES (104,'Гончаренко','Елла','Петрівна','Гончаренко','Элла','Петровна','Goncharenko','Ella','1972-02-06','доктор філологічних наук, професор'); 
INSERT INTO person (id,lastnameua,firstnameua,middlenameua,lastnameru,firstnameru,middlenameru,lastnameeng,firstnameeng,dob,details) VALUES (105,'Підмогильна','Наталія','Василівна','Пидмогильный','Наталья','Васильевна','Pidmohylny','Natalia','1966-07-08','доктор філологічних наук, професор'); 
INSERT INTO person (id,lastnameua,firstnameua,middlenameua,lastnameru,firstnameru,middlenameru,lastnameeng,firstnameeng,dob,details) VALUES (106,'Бутиріна','Марія','Валеріївна','Бутырин','Мария','Валерьевна','Butyrin','Mary','1964-09-02','доктор наук із соціальних комунікацій, доцент'); 
/*Юридичний факультет*/
INSERT INTO person (id,lastnameua,firstnameua,middlenameua,lastnameru,firstnameru,middlenameru,lastnameeng,firstnameeng,dob,details) VALUES (107,'Поляков','Сергій','Іванович','Поляков','Сергей','Иванович','Poles','Sergei','1979-01-02','кандидат історичних наук, доцент, професор'); 
INSERT INTO person (id,lastnameua,firstnameua,middlenameua,lastnameru,firstnameru,middlenameru,lastnameeng,firstnameeng,dob,details) VALUES (108,'Грабильніков','Анатолій','Васильович','Грабильников','Анатолий','Васильевич','Hrabylnikov','Anatolia','1954-12-12','кандидат юридичних наук, доцент'); 
INSERT INTO person (id,lastnameua,firstnameua,middlenameua,lastnameru,firstnameru,middlenameru,lastnameeng,firstnameeng,dob,details) VALUES (109,'Саєнко','Марина','Іванівна','Саенко','Марина','Ивановна','Saenko','Marina','1964-09-02','кандидат юридичних наук, доцент'); 
INSERT INTO person (id,lastnameua,firstnameua,middlenameua,lastnameru,firstnameru,middlenameru,lastnameeng,firstnameeng,dob,details) VALUES (110,'Хейлик','Володимир','Володимирович','Хейлик','Владимир','Владимирович','Heylyk','Vladimir','1966-07-08','старший викладач'); 
INSERT INTO person (id,lastnameua,firstnameua,middlenameua,lastnameru,firstnameru,middlenameru,lastnameeng,firstnameeng,dob,details) VALUES (111,'Поляков','Сергій','Іванович','Поляков','Сергей','Иванович','Poles','Sergei','1972-02-06','кандидат історичних наук, професор'); 
INSERT INTO person (id,lastnameua,firstnameua,middlenameua,lastnameru,firstnameru,middlenameru,lastnameeng,firstnameeng,dob,details) VALUES (112,'Мудриєвська','Людмила','Михайлівна','Мудриевська','Людмила','Михайловна','Mudryyevska','Lyudmila','1961-11-04','кандидат філософських наук, кандидат юридичних наук, доцент'); 
INSERT INTO person (id,lastnameua,firstnameua,middlenameua,lastnameru,firstnameru,middlenameru,lastnameeng,firstnameeng,dob,details) VALUES (113,'Алєксєєнко','Ігор','Григорович','Алексеенко','Игорь','Григорьевич','Alyeksyeyenko','Igor','1966-07-08','кандидат юридичних наук, доктор політичних наук'); 
INSERT INTO person (id,lastnameua,firstnameua,middlenameua,lastnameru,firstnameru,middlenameru,lastnameeng,firstnameeng,dob,details) VALUES (114,'Соколенко','Ольга','Леонідівна','Соколенко','Ольга','Леонидовна','Sokolenko','Olga','1964-09-02','кандидат юридичних наук, доцент'); 
/*Факультет фізики, електроніки та комп’ютерних систем*/
INSERT INTO person (id,lastnameua,firstnameua,middlenameua,lastnameru,firstnameru,middlenameru,lastnameeng,firstnameeng,dob,details) VALUES (115,'Долгов','Валерій','Михайлович','Долгов','Валерий','Михайлович','Dolgov','Valery','1972-02-06','професор'); 
INSERT INTO person (id,lastnameua,firstnameua,middlenameua,lastnameru,firstnameru,middlenameru,lastnameeng,firstnameeng,dob,details) VALUES (116,'Пляка','Сергій','Миколайович','Пляка','Сергей','Николаевич','Plyaka','Sergei','1972-02-06','доцент'); 
INSERT INTO person (id,lastnameua,firstnameua,middlenameua,lastnameru,firstnameru,middlenameru,lastnameeng,firstnameeng,dob,details) VALUES (117,'Морозов','Валентин','Михайлович','Морозов','Валентин','Михайлович','Morozov','Valentine','1979-01-02','доцент'); 
INSERT INTO person (id,lastnameua,firstnameua,middlenameua,lastnameru,firstnameru,middlenameru,lastnameeng,firstnameeng,dob,details) VALUES (118,'Бондаренко','Валерій','Прокопович','Бондаренко','Валерий','Прокопович','Bondarenko','Valery','1972-02-06','доцент'); 
INSERT INTO person (id,lastnameua,firstnameua,middlenameua,lastnameru,firstnameru,middlenameru,lastnameeng,firstnameeng,dob,details) VALUES (119,'Морозов','Валентин','Михайлович','Морозов','Валентин','Михайлович','Morozov','Valentine','1961-11-04','доцент'); 
INSERT INTO person (id,lastnameua,firstnameua,middlenameua,lastnameru,firstnameru,middlenameru,lastnameeng,firstnameeng,dob,details) VALUES (120,'Корчинський','Володимир','Михайлович','Корчинский','Владимир','Михайлович','Korchinsky','Vladimir','1964-09-02','доктор технічних наук, професор'); 
INSERT INTO person (id,lastnameua,firstnameua,middlenameua,lastnameru,firstnameru,middlenameru,lastnameeng,firstnameeng,dob,details) VALUES (121,'Дробахін','Олег','Олегович','Дробахин','Олег','Олегович','Drobakhin','Oleg','1954-12-12','доктор фізико-математичних наук, професор'); 
INSERT INTO person (id,lastnameua,firstnameua,middlenameua,lastnameru,firstnameru,middlenameru,lastnameeng,firstnameeng,dob,details) VALUES (122,'Хандецький','Володимир','Сергійович','Хандецький','Владимир','Сергеевич','Handetskyy','Vladimir','1972-02-06','доктор технічних наук, професор'); 
INSERT INTO person (id,lastnameua,firstnameua,middlenameua,lastnameru,firstnameru,middlenameru,lastnameeng,firstnameeng,dob,details) VALUES (123,'Вовк','Сергій','Михайлович','Вовк','Сергей','Михайлович','Vovk','Sergei','1961-11-04','кандидат фізико-математичних наук, доцент'); 
INSERT INTO person (id,lastnameua,firstnameua,middlenameua,lastnameru,firstnameru,middlenameru,lastnameeng,firstnameeng,dob,details) VALUES (124,'Орлянський','Олег','Юрійович','Орлянский','Олег','Юрьевич','Orlyanskiy','Oleg','1972-02-06','кандидат фізико-математичних наук, доцент'); 
INSERT INTO person (id,lastnameua,firstnameua,middlenameua,lastnameru,firstnameru,middlenameru,lastnameeng,firstnameeng,dob,details) VALUES (125,'Скалозуб','Володимир','Васильович','Скалозуб','Владимир','Васильевич','Skalozub','Vladimir','1964-09-02','доктор фізико-математичних наук, професор, заслужений  діяч науки і техніки України'); 
INSERT INTO person (id,lastnameua,firstnameua,middlenameua,lastnameru,firstnameru,middlenameru,lastnameeng,firstnameeng,dob,details) VALUES (126,'Коваленко','Олександр','Володимирович','Коваленко','Александр','Владимирович','Kovalenko','Alexander','1966-07-08','доктор фізико-математичних наук, професор'); 
INSERT INTO person (id,lastnameua,firstnameua,middlenameua,lastnameru,firstnameru,middlenameru,lastnameeng,firstnameeng,dob,details) VALUES (127,'Корогод','Сергій','Михайлович','Корогод','Сергей','Михайлович','Korogod','Sergei','1961-11-04','доктор біологічних наук, професор'); 
INSERT INTO person (id,lastnameua,firstnameua,middlenameua,lastnameru,firstnameru,middlenameru,lastnameeng,firstnameeng,dob,details) VALUES (128,'Башев','Валерій','Федорович','Башев','Валерий','Федорович','Bashev','Valery','1979-01-02','доктор фізико-математичних наук, професор'); 
INSERT INTO person (id,lastnameua,firstnameua,middlenameua,lastnameru,firstnameru,middlenameru,lastnameeng,firstnameeng,dob,details) VALUES (129,'Трубіцин','Михайло','Павлович','Трубицын','Михаил','Павлович','Trubitsyn','Michael','1964-09-02','професор, доктор фізико-математичних наук'); 
/*Фізико-технічний факультет*/
INSERT INTO person (id,lastnameua,firstnameua,middlenameua,lastnameru,firstnameru,middlenameru,lastnameeng,firstnameeng,dob,details) VALUES (130,'Петренко','Олександр','Миколайович','Петренко','Александр','Николаевич','Petrenko','Alexander','1972-02-06','доктор технічних наук, професор, заслужений працівник освіти України'); 
INSERT INTO person (id,lastnameua,firstnameua,middlenameua,lastnameru,firstnameru,middlenameru,lastnameeng,firstnameeng,dob,details) VALUES (131,'Скорик','Борис','Іванович','Скорик','Борис','Иванович','Skoryk','Boris','1972-02-06','кандидат технічних наук, доцент'); 
INSERT INTO person (id,lastnameua,firstnameua,middlenameua,lastnameru,firstnameru,middlenameru,lastnameeng,firstnameeng,dob,details) VALUES (132,'Хащина','Олександр','Іванович','Хащина','Александр','Иванович','Haschyna','Alexander','1972-02-06','старший викладач'); 
INSERT INTO person (id,lastnameua,firstnameua,middlenameua,lastnameru,firstnameru,middlenameru,lastnameeng,firstnameeng,dob,details) VALUES (133,'Лабуткіна','Тетяна','Вікторівна','Лабуткина','Татьяна','Викторовна','Labutkina','Tatiana','1961-11-04','кандидат технічних наук, доцент'); 
INSERT INTO person (id,lastnameua,firstnameua,middlenameua,lastnameru,firstnameru,middlenameru,lastnameeng,firstnameeng,dob,details) VALUES (134,'Давидов','Сергій','Олександрович','Давыдов','Сергей','Александрович','Davydov','Sergei','1966-07-08','кандидат технічних наук, доцент'); 
INSERT INTO person (id,lastnameua,firstnameua,middlenameua,lastnameru,firstnameru,middlenameru,lastnameeng,firstnameeng,dob,details) VALUES (135,'Пронь','Людмила','Володимирівна','Пронь','Людмила','Владимировна','Pron','Lyudmila','1964-09-02','кандидат технічних наук, професор'); 
INSERT INTO person (id,lastnameua,firstnameua,middlenameua,lastnameru,firstnameru,middlenameru,lastnameeng,firstnameeng,dob,details) VALUES (136,'Січевий','Олексій','Володимирович','Сечевых','Алексей','Владимирович','Sichevyy','Alex','1972-02-06','доктор технічних наук, доцент'); 
INSERT INTO person (id,lastnameua,firstnameua,middlenameua,lastnameru,firstnameru,middlenameru,lastnameeng,firstnameeng,dob,details) VALUES (137,'Кулабухов','Анатолій','Михайлович','Кулабухов','Анатолий','Михайлович','Kulabuhov','Anatolia','1954-12-12','кандидат технічних наук, доцент'); 
INSERT INTO person (id,lastnameua,firstnameua,middlenameua,lastnameru,firstnameru,middlenameru,lastnameeng,firstnameeng,dob,details) VALUES (138,'Петренко','Олександр','Миколайович','Петренко','Александр','Николаевич','Petrenko','Alexander','1972-02-06','доктор технічних наук, професор'); 
INSERT INTO person (id,lastnameua,firstnameua,middlenameua,lastnameru,firstnameru,middlenameru,lastnameeng,firstnameeng,dob,details) VALUES (139,'Шептун','Юрій','Дмитрович','Шептун','Юрий','Дмитриевич','Sheptun','George','1979-01-02','доктор технічних наук, професор'); 
INSERT INTO person (id,lastnameua,firstnameua,middlenameua,lastnameru,firstnameru,middlenameru,lastnameeng,firstnameeng,dob,details) VALUES (140,'Джур','Євген','Олексійович','Джур','Евгений','Алексеевич','Jur','Eugene','1972-02-06','доктор технічних наук, професор'); 
INSERT INTO person (id,lastnameua,firstnameua,middlenameua,lastnameru,firstnameru,middlenameru,lastnameeng,firstnameeng,dob,details) VALUES (141,'Приходько','Олександр','Анатолійович','Приходько','Александр','Анатольевич','Prihodko','Alexander','1972-02-06','доктор фізико-математичних наук, професор'); 
INSERT INTO person (id,lastnameua,firstnameua,middlenameua,lastnameru,firstnameru,middlenameru,lastnameeng,firstnameeng,dob,details) VALUES (142,'Мелікаєв','Юрій','Миколайович','Меликаев','Юрий','Николаевич','Melikayev','George','1964-09-02','кандидат технічних наук, доцент'); 
INSERT INTO person (id,lastnameua,firstnameua,middlenameua,lastnameru,firstnameru,middlenameru,lastnameeng,firstnameeng,dob,details) VALUES (143,'Тимошенко','Жанна','Іванівна','Тимошенко','Жанна','Ивановна','Timoshenko','Joan','1954-12-12','кандидат філологічних наук, доцент'); 
/*Механіко-математичний факультет*/
INSERT INTO person (id,lastnameua,firstnameua,middlenameua,lastnameru,firstnameru,middlenameru,lastnameeng,firstnameeng,dob,details) VALUES (144,'Хамініч','Олександр','Васильович','Хаминич','Александр','Васильевич','Haminich','Alexander','1972-02-06','кандидат фізико-математичних наук, професор, відмінник освіти України'); 
INSERT INTO person (id,lastnameua,firstnameua,middlenameua,lastnameru,firstnameru,middlenameru,lastnameeng,firstnameeng,dob,details) VALUES (145,'Ткаченко','Марина','Євгенівна','Ткаченко','Марина','Евгеньевна','Tkachenko','Marina','1972-02-06','кандидат фізико-математичних наук, доцент'); 
INSERT INTO person (id,lastnameua,firstnameua,middlenameua,lastnameru,firstnameru,middlenameru,lastnameeng,firstnameeng,dob,details) VALUES (146,'Сясєв','Андрій','Валерійович','Сясев','Андрей','Валерьевич','Syasev','Andrew','1964-09-02','кандидат фізико-математичних наук, доцент'); 
INSERT INTO person (id,lastnameua,firstnameua,middlenameua,lastnameru,firstnameru,middlenameru,lastnameeng,firstnameeng,dob,details) VALUES (147,'Комаров','Олександр','Вікторович','Комаров','Александр','Викторович','Komarov','Alexander','1979-01-02','кандидат фізико-математичних наук, доцент'); 
INSERT INTO person (id,lastnameua,firstnameua,middlenameua,lastnameru,firstnameru,middlenameru,lastnameeng,firstnameeng,dob,details) VALUES (148,'Парфінович','Наталя','Вікторівна','Парфинович','Наталья','Викторовна','Parfinovych','Natalia','1972-02-06','кандидат фізико-математичних наук, доцент'); 
INSERT INTO person (id,lastnameua,firstnameua,middlenameua,lastnameru,firstnameru,middlenameru,lastnameeng,firstnameeng,dob,details) VALUES (149,'Курдаченко','Леонід','Андрійович','Курдаченко','Леонид','Андреевич','Kurdachenko','Leonid','1954-12-12','доктор фізико-математичних наук, професор, заслужений діяч науки і техніки України, відомий фахівець з алгебри, теорії груп та теорії модулів'); 
INSERT INTO person (id,lastnameua,firstnameua,middlenameua,lastnameru,firstnameru,middlenameru,lastnameeng,firstnameeng,dob,details) VALUES (150,'Поляков','Микола','Вікторович','Поляков','Николай','Викторович','Poles','Nicholas','1964-09-02','доктор фізико-математичних наук, професор, академік Академії педагогічних наук, заслужений діяч науки і техніки України, ректор ДНУ ім. О. Гончара'); 
INSERT INTO person (id,lastnameua,firstnameua,middlenameua,lastnameru,firstnameru,middlenameru,lastnameeng,firstnameeng,dob,details) VALUES (151,'Турчин','Валерій','Миколайович','Турчин','Валерий','Николаевич','Turchin','Valery','1979-01-02','кандидат фізико-математичних наук, доцент'); 
INSERT INTO person (id,lastnameua,firstnameua,middlenameua,lastnameru,firstnameru,middlenameru,lastnameeng,firstnameeng,dob,details) VALUES (152,'Лобода','Володимир','Васильович','Лобода','Владимир','Васильевич','Loboda','Vladimir','1972-02-06','доктор фізико-математичних наук, професор, заслужений працівник освіти України'); 
INSERT INTO person (id,lastnameua,firstnameua,middlenameua,lastnameru,firstnameru,middlenameru,lastnameeng,firstnameeng,dob,details) VALUES (153,'Кочубей','Олександр','Олексійович','Кочубей','Александр','Алексеевич','Kochubey','Alexander','1964-09-02','доктор фізико-математичних наук, професор, заслужений діяч науки і техніки України, перший проректор ДНУ ім. О. Гончара'); 
INSERT INTO person (id,lastnameua,firstnameua,middlenameua,lastnameru,firstnameru,middlenameru,lastnameeng,firstnameeng,dob,details) VALUES (154,'Дзюба','Анатолій','Петрович','Дзюба','Анатолий','Петрович','Dziuba','Anatolia','1972-02-06','доктор технічних наук, професор, член-кореспондент Національної академії наук України, Заслужений діяч науки і техніки України, відмінник освіти України'); 
/*Хімічний факультет*/
INSERT INTO person (id,lastnameua,firstnameua,middlenameua,lastnameru,firstnameru,middlenameru,lastnameeng,firstnameeng,dob,details) VALUES (155,'Варгалюк','Віктор','Федорович','Варгалюк','Виктор','Федорович','Varhalyuk','Victor','1972-02-06','доктор хімічних наук, професор, заслужений діяч науки і техніки України, відмінник освіти України'); 
INSERT INTO person (id,lastnameua,firstnameua,middlenameua,lastnameru,firstnameru,middlenameru,lastnameeng,firstnameeng,dob,details) VALUES (156,'Коптєва','Світлана','Дмитрівна','Коптева','Светлана','Дмитриевна','Kopteva','Svetlana','1961-11-04','кандидат хімічних наук, доцент'); 
INSERT INTO person (id,lastnameua,firstnameua,middlenameua,lastnameru,firstnameru,middlenameru,lastnameeng,firstnameeng,dob,details) VALUES (157,'Оковитий','Сергій','Іванович','Оковитый','Сергей','Иванович','Okovytyi','Sergei','1954-12-12','доктор хімічних наук, професор, відмінник освіти України'); 
INSERT INTO person (id,lastnameua,firstnameua,middlenameua,lastnameru,firstnameru,middlenameru,lastnameeng,firstnameeng,dob,details) VALUES (158,'Шевченко','Людмила','Василівна','Шевченко','Людмила','Васильевна','Shevchenko','Lyudmila','1964-09-02','кандидат хімічних наук, доцент'); 
INSERT INTO person (id,lastnameua,firstnameua,middlenameua,lastnameru,firstnameru,middlenameru,lastnameeng,firstnameeng,dob,details) VALUES (159,'Мельников','Костянтин','Олексійович','Мельников','Константин','Алексеевич','Melnikov','Constantine','1954-12-12','доктор технічних наук, професор'); 
INSERT INTO person (id,lastnameua,firstnameua,middlenameua,lastnameru,firstnameru,middlenameru,lastnameeng,firstnameeng,dob,details) VALUES (160,'Коробов','Віктор','Іванович','Коробов','Виктор','Иванович','Korobov','Victor','1972-02-06','кандидат хімічних наук, доцент'); 
INSERT INTO person (id,lastnameua,firstnameua,middlenameua,lastnameru,firstnameru,middlenameru,lastnameeng,firstnameeng,dob,details) VALUES (161,'Чмиленко','Федір','Олександрович','Чмиленко','Федор','Александрович','Chmylenko','Theodore','1972-02-06','доктор хімічних наук, професор, заслужений діяч науки і техніки України, академік Академії наук вищої освіти України, відмінник освіти України'); 
INSERT INTO person (id,lastnameua,firstnameua,middlenameua,lastnameru,firstnameru,middlenameru,lastnameeng,firstnameeng,dob,details) VALUES (162,'Оковитий','Сергій','Іванович','Оковитый','Сергей','Иванович','Okovytyi','Sergei','1964-09-02','доктор хімічних наук, професор, відмінник освіти України'); 
INSERT INTO person (id,lastnameua,firstnameua,middlenameua,lastnameru,firstnameru,middlenameru,lastnameeng,firstnameeng,dob,details) VALUES (163,'Нестерова','Олена','Юріївна','Нестерова','Елена','Юра','Nesterova','Elena','1961-11-04','кандидат хімічних наук, доцент'); 
INSERT INTO person (id,lastnameua,firstnameua,middlenameua,lastnameru,firstnameru,middlenameru,lastnameeng,firstnameeng,dob,details) VALUES (164,'Варгалюк','Віктор','Федорович','Варгалюк','Виктор','Федорович','Varhalyuk','Victor','1979-01-02','доктор хімічних наук, професор, заслужений діяч науки і техніки України'); 
/*Факультет біології, екологіroleї та медицини*/
INSERT INTO person (id,lastnameua,firstnameua,middlenameua,lastnameru,firstnameru,middlenameru,lastnameeng,firstnameeng,dob,details) VALUES (165,'Пахомов','Олександр','Євгенійович','Пахомов','Александр','Евгеньевич','Pakhomov','Alexander','1966-07-08','доктор біологічних наук, професор, Заслужений діяч науки і техніки України, академік Української академії наук, академік Української екологічної академії наук'); 
INSERT INTO person (id,lastnameua,firstnameua,middlenameua,lastnameru,firstnameru,middlenameru,lastnameeng,firstnameeng,dob,details) VALUES (166,'Федоненко','Олена','Вікторівна','Федоненко','Елена','Викторовна','Fedonenko','Elena','1954-12-12','кандидат сільськогосподарських наук, доцент'); 
INSERT INTO person (id,lastnameua,firstnameua,middlenameua,lastnameru,firstnameru,middlenameru,lastnameeng,firstnameeng,dob,details) VALUES (167,'Вінніков','Альберт','Іванович','Винников','Альберт','Иванович','Vinnikov','Albert','1961-11-04','доктор біологічних наук, професор, заслужений діяч науки і техніки України, академік АН Вищої Школи України'); 
INSERT INTO person (id,lastnameua,firstnameua,middlenameua,lastnameru,firstnameru,middlenameru,lastnameeng,firstnameeng,dob,details) VALUES (168,'Чаус','Тетяна','Григорівна','Чаус','Татьяна','Григорьевна','Chaus','Tatiana','1964-09-02','кандидат біологічних наук, доцент'); 
INSERT INTO person (id,lastnameua,firstnameua,middlenameua,lastnameru,firstnameru,middlenameru,lastnameeng,firstnameeng,dob,details) VALUES (169,'Гассо','Віктор','Якович','Гассо','Виктор','Яковлевич','Gasse','Victor','1961-11-04','кандидат біологічних наук, доцент'); 
INSERT INTO person (id,lastnameua,firstnameua,middlenameua,lastnameru,firstnameru,middlenameru,lastnameeng,firstnameeng,dob,details) VALUES (170,'Бобильов','Юрій','Петрович','Бобылев','Юрий','Петрович','Bobylev','George','1979-01-02','кандидат біологічних наук, доцент'); 
INSERT INTO person (id,lastnameua,firstnameua,middlenameua,lastnameru,firstnameru,middlenameru,lastnameeng,firstnameeng,dob,details) VALUES (171,'Севериновська','Олена','Вікторівна','Севериновский','Елена','Викторовна','Severynovska','Elena','1966-07-08','доцент, доктор біологічних наук'); 
INSERT INTO person (id,lastnameua,firstnameua,middlenameua,lastnameru,firstnameru,middlenameru,lastnameeng,firstnameeng,dob,details) VALUES (172,'Лихолат','Юрій','Васильович','Лихолат','Юрий','Васильевич','Lyholat','George','1964-09-02','доктор біологічних наук, професор'); 
INSERT INTO person (id,lastnameua,firstnameua,middlenameua,lastnameru,firstnameru,middlenameru,lastnameeng,firstnameeng,dob,details) VALUES (173,'Штеменко','Наталя','Іванівна','Штеменко','Наталья','Ивановна','Shtemenko','Natalia','1979-01-02','доктор біологічних наук, професор'); 
INSERT INTO person (id,lastnameua,firstnameua,middlenameua,lastnameru,firstnameru,middlenameru,lastnameeng,firstnameeng,dob,details) VALUES (174,'Федоненко','Олена','Вікторівна','Федоненко','Елена','Викторовна','Fedonenko','Elena','1972-02-06','кандидат сільськогосподарських наук, доцент'); 
INSERT INTO person (id,lastnameua,firstnameua,middlenameua,lastnameru,firstnameru,middlenameru,lastnameeng,firstnameeng,dob,details) VALUES (175,'Вінніков','Альберт','Іванович','Винников','Альберт','Иванович','Vinnikov','Albert','1954-12-12','заслужений діяч науки і техніки України, академік АН ВШ України, доктор біологічних наук, професор.'); 
INSERT INTO person (id,lastnameua,firstnameua,middlenameua,lastnameru,firstnameru,middlenameru,lastnameeng,firstnameeng,dob,details) VALUES (176,'Гассо','Віктор','Якович','Гассо','Виктор','Яковлевич','Gasse','Victor','1972-02-06','кандидат біологічних наук, доцент'); 
INSERT INTO person (id,lastnameua,firstnameua,middlenameua,lastnameru,firstnameru,middlenameru,lastnameeng,firstnameeng,dob,details) VALUES (177,'Мицик','Леонід','Павлович','Мицик','Леонид','Павлович','Mytsyk','Leonid','1964-09-02','доктор біологічних наук, професор, академік Екологічної академії наук України'); 
INSERT INTO person (id,lastnameua,firstnameua,middlenameua,lastnameru,firstnameru,middlenameru,lastnameeng,firstnameeng,dob,details) VALUES (178,'Поліон','Наталія','Миколаївна','Полион','Наталья','Николаевна','Polion','Natalia','1954-12-12','кандидат медичних наук, доцент'); 
/*Центр заочної та вечірньої форм навчання*/
INSERT INTO person (id,lastnameua,firstnameua,middlenameua,lastnameru,firstnameru,middlenameru,lastnameeng,firstnameeng,dob,details) VALUES (179,'Куземко','Віктор','Іванович','Куземко','Виктор','Иванович','Kuzemko','Victor','1972-02-06','кандидат фізико-математичних наук, професор'); 

INSERT INTO person (id,lastnameua,firstnameua,middlenameua,lastnameru,firstnameru,middlenameru,lastnameeng,firstnameeng,dob,details) VALUES (180,'Панін','Кирило','Володимирович','Панин','Кирилл','Владимирович','Panin','Cyril','1979-01-02','кандидат фізико-математичних наук, доцент'); 
INSERT INTO person (id,lastnameua,firstnameua,middlenameua,lastnameru,firstnameru,middlenameru,lastnameeng,firstnameeng,dob,details) VALUES (181,'Коломоєць','Юрій','Іванович','Коломоец','Юрий','Иванович','Kolomoets','George','1964-09-02','кандидат історичних наук, доцент'); 
INSERT INTO person (id,lastnameua,firstnameua,middlenameua,lastnameru,firstnameru,middlenameru,lastnameeng,firstnameeng,dob,details) VALUES (182,'Совіт','Юрій','Павлович','Совит','Юрий','Павлович','Sovit','George','1979-01-02','кандидат фізико-математичних наук, доцент'); 


/*КП-11-1, 13 студентів*/
INSERT INTO person (id,lastnameua,firstnameua,middlenameua,lastnameru,firstnameru,middlenameru,lastnameeng,firstnameeng,dob,details) VALUES (183,'Васильєв','Артем','Сергійович','Васильев','Артем','Сергеевич','Vasiliev','Art','1995-07-08','студент');
INSERT INTO person (id,lastnameua,firstnameua,middlenameua,lastnameru,firstnameru,middlenameru,lastnameeng,firstnameeng,dob,details) VALUES (184,'Глоба','Юрій','Сергійович','Глоба','Юрий','Сергеевич','Globa','George','1994-11-03','студент');
INSERT INTO person (id,lastnameua,firstnameua,middlenameua,lastnameru,firstnameru,middlenameru,lastnameeng,firstnameeng,dob,details) VALUES (185,'Голубенко','Вячеслав','Євгенійович','Голубенко','Вячеслав','Евгеньевич','Golubenko','Vyacheslav','1996-03-01','студент');
INSERT INTO person (id,lastnameua,firstnameua,middlenameua,lastnameru,firstnameru,middlenameru,lastnameeng,firstnameeng,dob,details) VALUES (186,'Двойцов','Дмитро','Володимирович','Двойцов','Дмитрий','Владимирович','Dvoytsov','Dmitry','1993-09-03','студент');
INSERT INTO person (id,lastnameua,firstnameua,middlenameua,lastnameru,firstnameru,middlenameru,lastnameeng,firstnameeng,dob,details) VALUES (187,'Коломоєць','Андрій','Васильович','Коломоец','Андрей','Васильевич','Kolomoets','Andrew','1996-07-08','студент');
INSERT INTO person (id,lastnameua,firstnameua,middlenameua,lastnameru,firstnameru,middlenameru,lastnameeng,firstnameeng,dob,details) VALUES (188,'Мороз','Станіслава','Вадимівна','Мороз','Станислава','Вадимовна','Moroz','Stanislaw','1995-04-10','студент');
INSERT INTO person (id,lastnameua,firstnameua,middlenameua,lastnameru,firstnameru,middlenameru,lastnameeng,firstnameeng,dob,details) VALUES (189,'Павліков','Юрій','Михайлович','Павликов','Юрий','Михайлович','Pavlikov','George','1994-12-08','студент');
INSERT INTO person (id,lastnameua,firstnameua,middlenameua,lastnameru,firstnameru,middlenameru,lastnameeng,firstnameeng,dob,details) VALUES (190,'Петрух','Михайло','Вікторович','Петрух','Михаил','Викторович','Petruh','Michael','1994-02-11','студент');
INSERT INTO person (id,lastnameua,firstnameua,middlenameua,lastnameru,firstnameru,middlenameru,lastnameeng,firstnameeng,dob,details) VALUES (191,'Сахарова','Вікторія','Євгеніївна','Сахарова','Виктория','Евгеньевна','Sakharov','Victoria','1995-09-08','студент');
INSERT INTO person (id,lastnameua,firstnameua,middlenameua,lastnameru,firstnameru,middlenameru,lastnameeng,firstnameeng,dob,details) VALUES (192,'Сивоконь','Олексій','Леонідович','Сивоконь','Алексей','Леонидович','Syvokon','Alex','1994-04-10','студент');
INSERT INTO person (id,lastnameua,firstnameua,middlenameua,lastnameru,firstnameru,middlenameru,lastnameeng,firstnameeng,dob,details) VALUES (193,'Сопін','Дмитро','Сергійович','Сопин','Дмитрий','Сергеевич','Sopin','Dmitry','1995-01-08','студент');
INSERT INTO person (id,lastnameua,firstnameua,middlenameua,lastnameru,firstnameru,middlenameru,lastnameeng,firstnameeng,dob,details) VALUES (194,'Усов','Дмитро','Олександрович','Усов','Дмитрий','Александрович','Usov','Dmitry','1994-09-08','студент');
INSERT INTO person (id,lastnameua,firstnameua,middlenameua,lastnameru,firstnameru,middlenameru,lastnameeng,firstnameeng,dob,details) VALUES (195,'Фірсова','Софія','Олегівна','Фирсова','София','Олеговна','Firsova','Sofia','1996-04-11','студент');
/*КМ-11-1, 17 студентів*/
INSERT INTO person (id,lastnameua,firstnameua,middlenameua,lastnameru,firstnameru,middlenameru,lastnameeng,firstnameeng,dob,details) VALUES (196,'Бауман','Сергій','Вадимович','Бауман','Сергей','Вадимович','Bauman','Sergei','1995-07-08','студент');
INSERT INTO person (id,lastnameua,firstnameua,middlenameua,lastnameru,firstnameru,middlenameru,lastnameeng,firstnameeng,dob,details) VALUES (197,'Гаращенко','Нікіта','Вячеславович','Гаращенко','Никита','Вячеславович','Garashchenko','Nikita','1994-07-08','студент');
INSERT INTO person (id,lastnameua,firstnameua,middlenameua,lastnameru,firstnameru,middlenameru,lastnameeng,firstnameeng,dob,details) VALUES (198,'Гречуха','Володимир','Євгенович','Гречуха','Владимир','Евгеньевич','Hrechuha','Vladimir','1994-07-12','студент');
INSERT INTO person (id,lastnameua,firstnameua,middlenameua,lastnameru,firstnameru,middlenameru,lastnameeng,firstnameeng,dob,details) VALUES (199,'Казакевич','Денис','Вікторович','Казакевич','Денис','Викторович','Kazakevich','Dennis','1995-04-08','студент');
INSERT INTO person (id,lastnameua,firstnameua,middlenameua,lastnameru,firstnameru,middlenameru,lastnameeng,firstnameeng,dob,details) VALUES (200,'Лапіцька','Анна','Олегівна','Лапицкий','Анна','Олеговна','Lapitska','Anna','1996-07-08','студент');
INSERT INTO person (id,lastnameua,firstnameua,middlenameua,lastnameru,firstnameru,middlenameru,lastnameeng,firstnameeng,dob,details) VALUES (201,'Литвиненко','Віталіна','Сергіївна','Литвиненко','Виталина','Сергеевна','Litvinenko','Vitalina','1994-07-11','студент');
INSERT INTO person (id,lastnameua,firstnameua,middlenameua,lastnameru,firstnameru,middlenameru,lastnameeng,firstnameeng,dob,details) VALUES (202,'Панчішний','Артем','Сергійович','Панчишний','Артем','Сергеевич','Panchishnyi','Art','1995-04-08','студент');
INSERT INTO person (id,lastnameua,firstnameua,middlenameua,lastnameru,firstnameru,middlenameru,lastnameeng,firstnameeng,dob,details) VALUES (203,'Попов','Денис','Ігорович','Попов','Денис','Игоревич','Popov','Dennis','1994-07-08','студент');
INSERT INTO person (id,lastnameua,firstnameua,middlenameua,lastnameru,firstnameru,middlenameru,lastnameeng,firstnameeng,dob,details) VALUES (204,'Савін','Костянтин','Олексійович','Савин','Константин','Алексеевич','Savin','Constantine','1996-09-09','студент');
INSERT INTO person (id,lastnameua,firstnameua,middlenameua,lastnameru,firstnameru,middlenameru,lastnameeng,firstnameeng,dob,details) VALUES (205,'Салієв','Єгор','Вікторович','Салиев','Егор','Викторович','Saliev','Egor','1994-07-08','студент');
INSERT INTO person (id,lastnameua,firstnameua,middlenameua,lastnameru,firstnameru,middlenameru,lastnameeng,firstnameeng,dob,details) VALUES (206,'Свиридонов','Богдан','Євгенійович','Свиридонов','Богдан','Евгеньевич','Svyrydonov','Bogdan','1995-04-03','студент');
INSERT INTO person (id,lastnameua,firstnameua,middlenameua,lastnameru,firstnameru,middlenameru,lastnameeng,firstnameeng,dob,details) VALUES (207,'Сімченко','Ілля','Олександрович','Симченко','Илья','Александрович','Simchenko','Ilija','1994-07-08','студент');
INSERT INTO person (id,lastnameua,firstnameua,middlenameua,lastnameru,firstnameru,middlenameru,lastnameeng,firstnameeng,dob,details) VALUES (208,'Скурідін','Владислав','Анатолійович','Скуридин','Владислав','Анатольевич','Skuridin','Vladislav','1994-07-12','студент');
INSERT INTO person (id,lastnameua,firstnameua,middlenameua,lastnameru,firstnameru,middlenameru,lastnameeng,firstnameeng,dob,details) VALUES (209,'Талатік','Олег','Іванович','Талатик','Олег','Иванович','Talatik','Oleg','1996-07-08','студент');
INSERT INTO person (id,lastnameua,firstnameua,middlenameua,lastnameru,firstnameru,middlenameru,lastnameeng,firstnameeng,dob,details) VALUES (210,'Фесенко','Станіслав','Євгенійович','Фесенко','Станислав','Евгеньевич','Fesenko','Stanislav','1995-04-08','студент');
INSERT INTO person (id,lastnameua,firstnameua,middlenameua,lastnameru,firstnameru,middlenameru,lastnameeng,firstnameeng,dob,details) VALUES (211,'Чорнойван','Сергій','Анатолійович','Чорнойван','Сергей','Анатольевич','Chornoyvan','Sergei','1996-07-02','студент');
INSERT INTO person (id,lastnameua,firstnameua,middlenameua,lastnameru,firstnameru,middlenameru,lastnameeng,firstnameeng,dob,details) VALUES (212,'Шатайло','Артур','Дмитрович','Шатайло','Артур','Дмитриевич','Shataylo','Arthur','1995-04-12','студент');


/*discipline*/
INSERT INTO discipline (id,name) VALUES ('1','Історія України');
INSERT INTO discipline (id,name) VALUES ('2','Іноземна мова');
INSERT INTO discipline (id,name) VALUES ('3','Молекулярна фізика');
INSERT INTO discipline (id,name) VALUES ('4','Обчислювальна техніка та програмування');
INSERT INTO discipline (id,name) VALUES ('5','Математичний аналіз');
INSERT INTO discipline (id,name) VALUES ('6','Фшзичне виховання');
INSERT INTO discipline (id,name) VALUES ('7','Диференціальні рівняння');
INSERT INTO discipline (id,name) VALUES ('8','Фізичний практикум');

INSERT INTO discipline (id,name) VALUES ('9','Фізична хімія');
INSERT INTO discipline (id,name) VALUES ('10','Обчислювальна математика');
INSERT INTO discipline (id,name) VALUES ('11','Інженерна комп’ютерна графіка');
INSERT INTO discipline (id,name) VALUES ('12','Вища математика');
INSERT INTO discipline (id,name) VALUES ('13','Фізика');


/*period*/
INSERT INTO period (id,value) VALUES ('1','1 курс 1 семестр');
INSERT INTO period (id,value) VALUES ('2','1 курс 2 семестр');
INSERT INTO period (id,value) VALUES ('3','2 курс 1 семестр');
INSERT INTO period (id,value) VALUES ('4','2 курс 2 семестр');
INSERT INTO period (id,value) VALUES ('5','3 курс 1 семестр');
INSERT INTO period (id,value) VALUES ('6','3 курс 2 семестр');
INSERT INTO period (id,value) VALUES ('7','4 курс 1 семестр');
INSERT INTO period (id,value) VALUES ('8','4 курс 2 семестр');
INSERT INTO period (id,value) VALUES ('9','5 курс 1 семестр');
INSERT INTO period (id,value) VALUES ('10','5 курс 2 семестр');


/*plan*/
INSERT INTO plan (id,teamid) VALUES ('1','199');
INSERT INTO plan (id,teamid) VALUES ('2','201');
INSERT INTO plan (id,teamid) VALUES ('3','200');
INSERT INTO plan (id,teamid) VALUES ('4','202');
INSERT INTO plan (id,teamid) VALUES ('5','203');


/*planDetails*/
INSERT INTO planDetails (id,planid,disciplineid,lessontypeid,periodid,hours,marktypeid) VALUES ('1','1','1','1','1','108/51','1');
INSERT INTO planDetails (id,planid,disciplineid,lessontypeid,periodid,hours,marktypeid) VALUES ('2','2','1','1','1','108/51','1');
INSERT INTO planDetails (id,planid,disciplineid,lessontypeid,periodid,hours,marktypeid) VALUES ('3','3','1','1','1','108/51','1');
INSERT INTO planDetails (id,planid,disciplineid,lessontypeid,periodid,hours,marktypeid) VALUES ('4','4','1','1','1','108/51','1');
INSERT INTO planDetails (id,planid,disciplineid,lessontypeid,periodid,hours,marktypeid) VALUES ('5','5','1','1','1','108/51','1');
INSERT INTO planDetails (id,planid,disciplineid,lessontypeid,periodid,hours,marktypeid) VALUES ('6','1','2','1','1','80/34','1');
INSERT INTO planDetails (id,planid,disciplineid,lessontypeid,periodid,hours,marktypeid) VALUES ('7','2','2','1','1','80/34','1');
INSERT INTO planDetails (id,planid,disciplineid,lessontypeid,periodid,hours,marktypeid) VALUES ('8','3','2','1','1','108/34','1');
INSERT INTO planDetails (id,planid,disciplineid,lessontypeid,periodid,hours,marktypeid) VALUES ('9','4','2','1','1','108/34','1');
INSERT INTO planDetails (id,planid,disciplineid,lessontypeid,periodid,hours,marktypeid) VALUES ('10','5','2','1','1','108/34','1');
INSERT INTO planDetails (id,planid,disciplineid,lessontypeid,periodid,hours,marktypeid) VALUES ('11','1','3','1','1','216/85','1');
INSERT INTO planDetails (id,planid,disciplineid,lessontypeid,periodid,hours,marktypeid) VALUES ('12','2','3','1','1','216/85','1');
INSERT INTO planDetails (id,planid,disciplineid,lessontypeid,periodid,hours,marktypeid) VALUES ('13','1','3','2','1','216/85','1');
INSERT INTO planDetails (id,planid,disciplineid,lessontypeid,periodid,hours,marktypeid) VALUES ('14','2','3','2','1','216/85','1');
INSERT INTO planDetails (id,planid,disciplineid,lessontypeid,periodid,hours,marktypeid) VALUES ('15','1','4','2','1','114/68','1');
INSERT INTO planDetails (id,planid,disciplineid,lessontypeid,periodid,hours,marktypeid) VALUES ('16','2','4','2','1','114/68','1');
INSERT INTO planDetails (id,planid,disciplineid,lessontypeid,periodid,hours,marktypeid) VALUES ('17','1','5','1','1','256/102','1');
INSERT INTO planDetails (id,planid,disciplineid,lessontypeid,periodid,hours,marktypeid) VALUES ('18','2','5','1','1','256/102','1');
INSERT INTO planDetails (id,planid,disciplineid,lessontypeid,periodid,hours,marktypeid) VALUES ('19','1','6','2','1','68','2');
INSERT INTO planDetails (id,planid,disciplineid,lessontypeid,periodid,hours,marktypeid) VALUES ('20','2','6','2','1','68','2');
INSERT INTO planDetails (id,planid,disciplineid,lessontypeid,periodid,hours,marktypeid) VALUES ('21','3','6','2','1','68','2');
INSERT INTO planDetails (id,planid,disciplineid,lessontypeid,periodid,hours,marktypeid) VALUES ('22','4','6','2','1','68','2');
INSERT INTO planDetails (id,planid,disciplineid,lessontypeid,periodid,hours,marktypeid) VALUES ('23','5','6','2','1','68','2');
INSERT INTO planDetails (id,planid,disciplineid,lessontypeid,periodid,hours,marktypeid) VALUES ('24','1','7','2','1','180/68','2');
INSERT INTO planDetails (id,planid,disciplineid,lessontypeid,periodid,hours,marktypeid) VALUES ('25','2','7','2','1','180/68','2');
INSERT INTO planDetails (id,planid,disciplineid,lessontypeid,periodid,hours,marktypeid) VALUES ('26','1','8','2','1','51/34','2');
INSERT INTO planDetails (id,planid,disciplineid,lessontypeid,periodid,hours,marktypeid) VALUES ('27','2','8','2','1','51/34','2');
INSERT INTO planDetails (id,planid,disciplineid,lessontypeid,periodid,hours,marktypeid) VALUES ('28','1','4','2','1','114/68','4');
INSERT INTO planDetails (id,planid,disciplineid,lessontypeid,periodid,hours,marktypeid) VALUES ('29','2','4','2','1','114/68','4');
INSERT INTO planDetails (id,planid,disciplineid,lessontypeid,periodid,hours,marktypeid) VALUES ('30','3','9','1','1','162/68','1');
INSERT INTO planDetails (id,planid,disciplineid,lessontypeid,periodid,hours,marktypeid) VALUES ('31','4','9','1','1','162/68','1');
INSERT INTO planDetails (id,planid,disciplineid,lessontypeid,periodid,hours,marktypeid) VALUES ('32','5','9','1','1','162/68','1');
INSERT INTO planDetails (id,planid,disciplineid,lessontypeid,periodid,hours,marktypeid) VALUES ('33','3','10','1','1','207/85','1');
INSERT INTO planDetails (id,planid,disciplineid,lessontypeid,periodid,hours,marktypeid) VALUES ('34','4','10','1','1','207/85','1');
INSERT INTO planDetails (id,planid,disciplineid,lessontypeid,periodid,hours,marktypeid) VALUES ('35','5','10','1','1','207/85','1');
INSERT INTO planDetails (id,planid,disciplineid,lessontypeid,periodid,hours,marktypeid) VALUES ('36','3','10','2','1','207/85','4');
INSERT INTO planDetails (id,planid,disciplineid,lessontypeid,periodid,hours,marktypeid) VALUES ('37','4','10','2','1','207/85','4');
INSERT INTO planDetails (id,planid,disciplineid,lessontypeid,periodid,hours,marktypeid) VALUES ('38','5','10','2','1','207/85','4');
INSERT INTO planDetails (id,planid,disciplineid,lessontypeid,periodid,hours,marktypeid) VALUES ('39','3','11','2','1','81/34','1');
INSERT INTO planDetails (id,planid,disciplineid,lessontypeid,periodid,hours,marktypeid) VALUES ('40','4','11','2','1','81/34','1');
INSERT INTO planDetails (id,planid,disciplineid,lessontypeid,periodid,hours,marktypeid) VALUES ('41','5','11','2','1','81/34','1');
INSERT INTO planDetails (id,planid,disciplineid,lessontypeid,periodid,hours,marktypeid) VALUES ('42','3','12','2','1','234/68','2');
INSERT INTO planDetails (id,planid,disciplineid,lessontypeid,periodid,hours,marktypeid) VALUES ('43','4','12','2','1','234/68','2');
INSERT INTO planDetails (id,planid,disciplineid,lessontypeid,periodid,hours,marktypeid) VALUES ('44','5','12','2','1','234/68','2');
INSERT INTO planDetails (id,planid,disciplineid,lessontypeid,periodid,hours,marktypeid) VALUES ('45','3','13','1','1','180/68','2');
INSERT INTO planDetails (id,planid,disciplineid,lessontypeid,periodid,hours,marktypeid) VALUES ('46','4','13','1','1','180/68','2');
INSERT INTO planDetails (id,planid,disciplineid,lessontypeid,periodid,hours,marktypeid) VALUES ('47','5','13','1','1','180/68','2');


/*emp2team*/
INSERT INTO emp2team (id,personid,teamid,positionid,recordbook,stateid) VALUES (1,183,199,2,808006,1);
INSERT INTO emp2team (id,personid,teamid,positionid,recordbook,stateid) VALUES (2,184,201,2,808007,1);
INSERT INTO emp2team (id,personid,teamid,positionid,recordbook,stateid) VALUES (3,185,199,2,808008,1);
INSERT INTO emp2team (id,personid,teamid,positionid,occupationid,recordbook,stateid) VALUES (4,186,201,2,11,808009,1);
INSERT INTO emp2team (id,personid,teamid,positionid,recordbook,stateid) VALUES (5,187,199,2,808010,2);
INSERT INTO emp2team (id,personid,teamid,positionid,recordbook,stateid) VALUES (6,188,201,2,808011,1);
INSERT INTO emp2team (id,personid,teamid,positionid,recordbook,stateid) VALUES (7,189,199,2,808012,1);
INSERT INTO emp2team (id,personid,teamid,positionid,recordbook,stateid) VALUES (8,190,201,2,808013,1);
INSERT INTO emp2team (id,personid,teamid,positionid,recordbook,stateid) VALUES (9,191,199,2,808014,1);
INSERT INTO emp2team (id,personid,teamid,positionid,recordbook,stateid) VALUES (10,192,201,2,808015,2);
INSERT INTO emp2team (id,personid,teamid,positionid,recordbook,stateid) VALUES (11,193,199,2,808016,1);
INSERT INTO emp2team (id,personid,teamid,positionid,recordbook,stateid) VALUES (12,194,201,2,808017,1);
INSERT INTO emp2team (id,personid,teamid,positionid,recordbook,stateid) VALUES (13,195,199,2,808018,1);

INSERT INTO emp2team (id,personid,teamid,positionid,recordbook,stateid) VALUES (14,196,203,2,808019,1);
INSERT INTO emp2team (id,personid,teamid,positionid,recordbook,stateid) VALUES (15,197,200,2,808020,1);
INSERT INTO emp2team (id,personid,teamid,positionid,recordbook,stateid) VALUES (16,198,202,2,808021,1);
INSERT INTO emp2team (id,personid,teamid,positionid,occupationid,recordbook,stateid) VALUES (17,199,202,2,11,808022,1);
INSERT INTO emp2team (id,personid,teamid,positionid,recordbook,stateid) VALUES (18,200,200,2,808024,1);
INSERT INTO emp2team (id,personid,teamid,positionid,recordbook,stateid) VALUES (19,201,203,2,808025,1);
INSERT INTO emp2team (id,personid,teamid,positionid,recordbook,stateid) VALUES (20,202,200,2,808026,1);
INSERT INTO emp2team (id,personid,teamid,positionid,recordbook,stateid) VALUES (21,203,202,2,808027,1);
INSERT INTO emp2team (id,personid,teamid,positionid,recordbook,stateid) VALUES (22,204,200,2,808028,2);
INSERT INTO emp2team (id,personid,teamid,positionid,recordbook,stateid) VALUES (23,205,203,2,808029,1);
INSERT INTO emp2team (id,personid,teamid,positionid,recordbook,stateid) VALUES (24,206,200,2,808030,1);
INSERT INTO emp2team (id,personid,teamid,positionid,recordbook,stateid) VALUES (25,207,202,2,808031,1);
INSERT INTO emp2team (id,personid,teamid,positionid,recordbook,stateid) VALUES (26,208,203,2,808032,1);
INSERT INTO emp2team (id,personid,teamid,positionid,recordbook,stateid) VALUES (27,209,202,2,808033,1);
INSERT INTO emp2team (id,personid,teamid,positionid,recordbook,stateid) VALUES (28,210,202,2,808034,1);
INSERT INTO emp2team (id,personid,teamid,positionid,recordbook,stateid) VALUES (29,211,203,2,808035,1);
INSERT INTO emp2team (id,personid,teamid,positionid,recordbook,stateid) VALUES (30,212,202,2,808036,1);

INSERT INTO emp2team (id,personid,teamid,positionid,occupationid,recordbook,stateid) VALUES (32,2,2,1,1,808037,1);
INSERT INTO emp2team (id,personid,teamid,positionid,occupationid,recordbook,stateid) VALUES (33,3,2,1,2,808038,1);
INSERT INTO emp2team (id,personid,teamid,positionid,occupationid,recordbook,stateid) VALUES (34,4,2,1,3,808039,1);
INSERT INTO emp2team (id,personid,teamid,positionid,occupationid,recordbook,stateid) VALUES (35,5,2,1,6,808040,1);
INSERT INTO emp2team (id,personid,teamid,positionid,occupationid,recordbook,stateid) VALUES (36,6,2,1,10,808041,1);
INSERT INTO emp2team (id,personid,teamid,positionid,occupationid,recordbook,stateid) VALUES (37,7,18,1,10,808042,1);
INSERT INTO emp2team (id,personid,teamid,positionid,occupationid,recordbook,stateid) VALUES (38,8,19,1,10,808043,1);
INSERT INTO emp2team (id,personid,teamid,positionid,occupationid,recordbook,stateid) VALUES (39,9,20,1,10,808044,1);
INSERT INTO emp2team (id,personid,teamid,positionid,occupationid,recordbook,stateid) VALUES (40,10,21,1,10,808045,1);
INSERT INTO emp2team (id,personid,teamid,positionid,occupationid,recordbook,stateid) VALUES (41,11,22,1,10,808046,1);
INSERT INTO emp2team (id,personid,teamid,positionid,occupationid,recordbook,stateid) VALUES (42,12,23,1,10,808047,1);
INSERT INTO emp2team (id,personid,teamid,positionid,occupationid,recordbook,stateid) VALUES (43,13,24,1,10,808048,1);
INSERT INTO emp2team (id,personid,teamid,positionid,occupationid,recordbook,stateid) VALUES (44,14,25,1,10,808049,1);
INSERT INTO emp2team (id,personid,teamid,positionid,occupationid,recordbook,stateid) VALUES (45,15,27,1,10,808050,1);
INSERT INTO emp2team (id,personid,teamid,positionid,occupationid,recordbook,stateid) VALUES (46,26,28,1,10,808051,1);
INSERT INTO emp2team (id,personid,teamid,positionid,occupationid,recordbook,stateid) VALUES (47,27,29,1,10,808052,1);
INSERT INTO emp2team (id,personid,teamid,positionid,occupationid,recordbook,stateid) VALUES (48,28,3,1,1,808053,1);
INSERT INTO emp2team (id,personid,teamid,positionid,occupationid,recordbook,stateid) VALUES (49,29,3,1,2,808054,1);
INSERT INTO emp2team (id,personid,teamid,positionid,occupationid,recordbook,stateid) VALUES (50,30,3,1,3,808055,1);
INSERT INTO emp2team (id,personid,teamid,positionid,occupationid,recordbook,stateid) VALUES (51,31,3,1,6,808056,1);
INSERT INTO emp2team (id,personid,teamid,positionid,occupationid,recordbook,stateid) VALUES (52,32,3,1,5,808057,1);
INSERT INTO emp2team (id,personid,teamid,positionid,occupationid,recordbook,stateid) VALUES (53,33,29,1,10,808058,1);
INSERT INTO emp2team (id,personid,teamid,positionid,occupationid,recordbook,stateid) VALUES (54,34,30,1,10,808059,1);
INSERT INTO emp2team (id,personid,teamid,positionid,occupationid,recordbook,stateid) VALUES (55,35,31,1,10,808060,1);
INSERT INTO emp2team (id,personid,teamid,positionid,occupationid,recordbook,stateid) VALUES (56,36,32,1,10,808061,1);
INSERT INTO emp2team (id,personid,teamid,positionid,occupationid,recordbook,stateid) VALUES (57,37,33,1,10,808062,1);
INSERT INTO emp2team (id,personid,teamid,positionid,occupationid,recordbook,stateid) VALUES (58,38,7,1,1,808063,1);
INSERT INTO emp2team (id,personid,teamid,positionid,occupationid,recordbook,stateid) VALUES (59,39,7,1,2,808064,1);
INSERT INTO emp2team (id,personid,teamid,positionid,occupationid,recordbook,stateid) VALUES (60,40,7,1,3,808065,1);
INSERT INTO emp2team (id,personid,teamid,positionid,occupationid,recordbook,stateid) VALUES (61,41,7,1,6,808066,1);
INSERT INTO emp2team (id,personid,teamid,positionid,occupationid,recordbook,stateid) VALUES (62,42,7,1,5,808067,1);
INSERT INTO emp2team (id,personid,teamid,positionid,occupationid,recordbook,stateid) VALUES (63,43,52,1,10,808068,1);
INSERT INTO emp2team (id,personid,teamid,positionid,occupationid,recordbook,stateid) VALUES (64,44,53,1,10,808069,1);
INSERT INTO emp2team (id,personid,teamid,positionid,occupationid,recordbook,stateid) VALUES (65,45,54,1,10,808070,1);
INSERT INTO emp2team (id,personid,teamid,positionid,occupationid,recordbook,stateid) VALUES (66,46,55,1,10,808071,1);
INSERT INTO emp2team (id,personid,teamid,positionid,occupationid,recordbook,stateid) VALUES (67,47,56,1,10,808072,1);
INSERT INTO emp2team (id,personid,teamid,positionid,occupationid,recordbook,stateid) VALUES (68,48,8,1,1,808073,1);
INSERT INTO emp2team (id,personid,teamid,positionid,occupationid,recordbook,stateid) VALUES (69,49,8,1,2,808074,1);
INSERT INTO emp2team (id,personid,teamid,positionid,occupationid,recordbook,stateid) VALUES (70,50,8,1,3,808075,1);
INSERT INTO emp2team (id,personid,teamid,positionid,occupationid,recordbook,stateid) VALUES (71,51,8,1,6,808076,1);
INSERT INTO emp2team (id,personid,teamid,positionid,occupationid,recordbook,stateid) VALUES (72,52,8,1,5,808077,1);
INSERT INTO emp2team (id,personid,teamid,positionid,occupationid,recordbook,stateid) VALUES (73,53,57,1,10,808078,1);
INSERT INTO emp2team (id,personid,teamid,positionid,occupationid,recordbook,stateid) VALUES (74,54,58,1,10,808079,1);
INSERT INTO emp2team (id,personid,teamid,positionid,occupationid,recordbook,stateid) VALUES (75,55,59,1,10,808080,1);
INSERT INTO emp2team (id,personid,teamid,positionid,occupationid,recordbook,stateid) VALUES (76,56,60,1,10,808081,1);
INSERT INTO emp2team (id,personid,teamid,positionid,occupationid,recordbook,stateid) VALUES (77,57,13,1,1,808082,1);
INSERT INTO emp2team (id,personid,teamid,positionid,occupationid,recordbook,stateid) VALUES (78,58,13,1,2,808083,1);
INSERT INTO emp2team (id,personid,teamid,positionid,occupationid,recordbook,stateid) VALUES (79,59,13,1,3,808084,1);
INSERT INTO emp2team (id,personid,teamid,positionid,occupationid,recordbook,stateid) VALUES (80,60,13,1,6,808085,1);
INSERT INTO emp2team (id,personid,teamid,positionid,occupationid,recordbook,stateid) VALUES (81,61,13,1,5,808086,1);
INSERT INTO emp2team (id,personid,teamid,positionid,occupationid,recordbook,stateid) VALUES (82,62,91,1,10,808087,1);
INSERT INTO emp2team (id,personid,teamid,positionid,occupationid,recordbook,stateid) VALUES (83,63,89,1,10,808088,1);
INSERT INTO emp2team (id,personid,teamid,positionid,occupationid,recordbook,stateid) VALUES (84,64,90,1,10,808089,1);
INSERT INTO emp2team (id,personid,teamid,positionid,occupationid,recordbook,stateid) VALUES (85,65,14,1,1,808090,1);
INSERT INTO emp2team (id,personid,teamid,positionid,occupationid,recordbook,stateid) VALUES (86,66,14,1,2,808091,1);
INSERT INTO emp2team (id,personid,teamid,positionid,occupationid,recordbook,stateid) VALUES (87,67,14,1,3,808092,1);
INSERT INTO emp2team (id,personid,teamid,positionid,occupationid,recordbook,stateid) VALUES (88,68,14,1,6,808093,1);
INSERT INTO emp2team (id,personid,teamid,positionid,occupationid,recordbook,stateid) VALUES (89,69,92,1,10,808094,1);
INSERT INTO emp2team (id,personid,teamid,positionid,occupationid,recordbook,stateid) VALUES (90,70,93,1,10,808095,1);
INSERT INTO emp2team (id,personid,teamid,positionid,occupationid,recordbook,stateid) VALUES (91,71,94,1,10,808096,1);
INSERT INTO emp2team (id,personid,teamid,positionid,occupationid,recordbook,stateid) VALUES (92,72,93,1,10,808097,1);
INSERT INTO emp2team (id,personid,teamid,positionid,occupationid,recordbook,stateid) VALUES (93,73,6,1,1,808098,1);
INSERT INTO emp2team (id,personid,teamid,positionid,occupationid,recordbook,stateid) VALUES (94,74,6,1,12,808099,1);
INSERT INTO emp2team (id,personid,teamid,positionid,occupationid,recordbook,stateid) VALUES (95,75,6,1,2,808100,1);
INSERT INTO emp2team (id,personid,teamid,positionid,occupationid,recordbook,stateid) VALUES (96,76,6,1,3,808101,1);
INSERT INTO emp2team (id,personid,teamid,positionid,occupationid,recordbook,stateid) VALUES (97,77,6,1,6,808102,1);
INSERT INTO emp2team (id,personid,teamid,positionid,occupationid,recordbook,stateid) VALUES (98,78,6,1,5,808103,1);
INSERT INTO emp2team (id,personid,teamid,positionid,occupationid,recordbook,stateid) VALUES (99,79,6,1,13,808104,1);
INSERT INTO emp2team (id,personid,teamid,positionid,occupationid,recordbook,stateid) VALUES (100,80,42,1,10,808105,1);
INSERT INTO emp2team (id,personid,teamid,positionid,occupationid,recordbook,stateid) VALUES (101,81,43,1,10,808106,1);
INSERT INTO emp2team (id,personid,teamid,positionid,occupationid,recordbook,stateid) VALUES (102,82,44,1,10,808107,1);
INSERT INTO emp2team (id,personid,teamid,positionid,occupationid,recordbook,stateid) VALUES (103,83,45,1,10,808108,1);
INSERT INTO emp2team (id,personid,teamid,positionid,occupationid,recordbook,stateid) VALUES (104,84,46,1,10,808109,1);
INSERT INTO emp2team (id,personid,teamid,positionid,occupationid,recordbook,stateid) VALUES (105,85,47,1,10,808110,1);
INSERT INTO emp2team (id,personid,teamid,positionid,occupationid,recordbook,stateid) VALUES (106,86,48,1,10,808111,1);
INSERT INTO emp2team (id,personid,teamid,positionid,occupationid,recordbook,stateid) VALUES (107,87,49,1,10,808112,1);
INSERT INTO emp2team (id,personid,teamid,positionid,occupationid,recordbook,stateid) VALUES (108,88,50,1,10,808113,1);
INSERT INTO emp2team (id,personid,teamid,positionid,occupationid,recordbook,stateid) VALUES (109,89,51,1,10,808114,1);
INSERT INTO emp2team (id,personid,teamid,positionid,occupationid,recordbook,stateid) VALUES (110,90,5,1,1,808115,1);
INSERT INTO emp2team (id,personid,teamid,positionid,occupationid,recordbook,stateid) VALUES (111,91,5,1,2,808116,1);
INSERT INTO emp2team (id,personid,teamid,positionid,occupationid,recordbook,stateid) VALUES (112,92,5,1,3,808117,1);
INSERT INTO emp2team (id,personid,teamid,positionid,occupationid,recordbook,stateid) VALUES (113,93,5,1,6,808118,1);
INSERT INTO emp2team (id,personid,teamid,positionid,occupationid,recordbook,stateid) VALUES (114,94,5,1,5,808119,1);
INSERT INTO emp2team (id,personid,teamid,positionid,occupationid,recordbook,stateid) VALUES (115,95,38,1,10,808120,1);
INSERT INTO emp2team (id,personid,teamid,positionid,occupationid,recordbook,stateid) VALUES (116,96,39,1,10,808121,1);
INSERT INTO emp2team (id,personid,teamid,positionid,occupationid,recordbook,stateid) VALUES (117,97,40,1,10,808122,1);
INSERT INTO emp2team (id,personid,teamid,positionid,occupationid,recordbook,stateid) VALUES (118,98,41,1,10,808123,1);
INSERT INTO emp2team (id,personid,teamid,positionid,occupationid,recordbook,stateid) VALUES (119,99,4,1,1,808124,1);
INSERT INTO emp2team (id,personid,teamid,positionid,occupationid,recordbook,stateid) VALUES (120,100,4,1,2,808125,1);
INSERT INTO emp2team (id,personid,teamid,positionid,occupationid,recordbook,stateid) VALUES (121,101,4,1,5,808126,1);
INSERT INTO emp2team (id,personid,teamid,positionid,occupationid,recordbook,stateid) VALUES (122,102,4,1,6,808127,1);
INSERT INTO emp2team (id,personid,teamid,positionid,occupationid,recordbook,stateid) VALUES (123,103,34,1,10,808128,1);
INSERT INTO emp2team (id,personid,teamid,positionid,occupationid,recordbook,stateid) VALUES (124,104,35,1,10,808129,1);
INSERT INTO emp2team (id,personid,teamid,positionid,occupationid,recordbook,stateid) VALUES (125,105,36,1,10,808130,1);
INSERT INTO emp2team (id,personid,teamid,positionid,occupationid,recordbook,stateid) VALUES (126,106,37,1,10,808131,1);
INSERT INTO emp2team (id,personid,teamid,positionid,occupationid,recordbook,stateid) VALUES (127,107,9,1,1,808132,1);
INSERT INTO emp2team (id,personid,teamid,positionid,occupationid,recordbook,stateid) VALUES (128,108,9,1,3,808133,1);
INSERT INTO emp2team (id,personid,teamid,positionid,occupationid,recordbook,stateid) VALUES (129,109,9,1,2,808134,1);
INSERT INTO emp2team (id,personid,teamid,positionid,occupationid,recordbook,stateid) VALUES (130,110,9,1,6,808135,1);
INSERT INTO emp2team (id,personid,teamid,positionid,occupationid,recordbook,stateid) VALUES (131,111,61,1,10,808136,1);
INSERT INTO emp2team (id,personid,teamid,positionid,occupationid,recordbook,stateid) VALUES (132,112,62,1,10,808137,1);
INSERT INTO emp2team (id,personid,teamid,positionid,occupationid,recordbook,stateid) VALUES (133,113,63,1,10,808138,1);
INSERT INTO emp2team (id,personid,teamid,positionid,occupationid,recordbook,stateid) VALUES (134,114,64,1,10,808139,1);
INSERT INTO emp2team (id,personid,teamid,positionid,occupationid,recordbook,stateid) VALUES (135,115,10,1,1,808140,1);
INSERT INTO emp2team (id,personid,teamid,positionid,occupationid,recordbook,stateid) VALUES (136,116,10,1,2,808141,1);
INSERT INTO emp2team (id,personid,teamid,positionid,occupationid,recordbook,stateid) VALUES (137,117,10,1,3,808142,1);
INSERT INTO emp2team (id,personid,teamid,positionid,occupationid,recordbook,stateid) VALUES (138,118,10,1,6,808143,1);
INSERT INTO emp2team (id,personid,teamid,positionid,occupationid,recordbook,stateid) VALUES (139,119,10,1,5,808144,1);
INSERT INTO emp2team (id,personid,teamid,positionid,occupationid,recordbook,stateid) VALUES (140,120,65,1,10,808145,1);
INSERT INTO emp2team (id,personid,teamid,positionid,occupationid,recordbook,stateid) VALUES (141,121,66,1,10,808146,1);
INSERT INTO emp2team (id,personid,teamid,positionid,occupationid,recordbook,stateid) VALUES (142,122,67,1,10,808147,1);
INSERT INTO emp2team (id,personid,teamid,positionid,occupationid,recordbook,stateid) VALUES (143,123,68,1,10,808148,1);
INSERT INTO emp2team (id,personid,teamid,positionid,occupationid,recordbook,stateid) VALUES (144,124,69,1,10,808149,1);
INSERT INTO emp2team (id,personid,teamid,positionid,occupationid,recordbook,stateid) VALUES (145,125,70,1,10,808150,1);
INSERT INTO emp2team (id,personid,teamid,positionid,occupationid,recordbook,stateid) VALUES (146,126,71,1,10,808151,1);
INSERT INTO emp2team (id,personid,teamid,positionid,occupationid,recordbook,stateid) VALUES (147,127,72,1,10,808152,1);
INSERT INTO emp2team (id,personid,teamid,positionid,occupationid,recordbook,stateid) VALUES (148,128,73,1,10,808153,1);
INSERT INTO emp2team (id,personid,teamid,positionid,occupationid,recordbook,stateid) VALUES (149,129,74,1,10,808154,1);
INSERT INTO emp2team (id,personid,teamid,positionid,occupationid,recordbook,stateid) VALUES (150,130,16,1,1,808155,1);
INSERT INTO emp2team (id,personid,teamid,positionid,occupationid,recordbook,stateid) VALUES (151,131,16,1,2,808156,1);
INSERT INTO emp2team (id,personid,teamid,positionid,occupationid,recordbook,stateid) VALUES (152,132,16,1,2,808157,1);
INSERT INTO emp2team (id,personid,teamid,positionid,occupationid,recordbook,stateid) VALUES (153,133,16,1,3,808158,1);
INSERT INTO emp2team (id,personid,teamid,positionid,occupationid,recordbook,stateid) VALUES (154,134,103,1,10,808160,1);
INSERT INTO emp2team (id,personid,teamid,positionid,occupationid,recordbook,stateid) VALUES (155,135,104,1,10,808161,1);
INSERT INTO emp2team (id,personid,teamid,positionid,occupationid,recordbook,stateid) VALUES (156,136,105,1,10,808162,1);
INSERT INTO emp2team (id,personid,teamid,positionid,occupationid,recordbook,stateid) VALUES (157,137,106,1,10,808163,1);
INSERT INTO emp2team (id,personid,teamid,positionid,occupationid,recordbook,stateid) VALUES (158,138,107,1,10,808164,1);
INSERT INTO emp2team (id,personid,teamid,positionid,occupationid,recordbook,stateid) VALUES (159,139,108,1,10,808165,1);
INSERT INTO emp2team (id,personid,teamid,positionid,occupationid,recordbook,stateid) VALUES (160,140,109,1,10,808166,1);
INSERT INTO emp2team (id,personid,teamid,positionid,occupationid,recordbook,stateid) VALUES (161,141,110,1,10,808167,1);
INSERT INTO emp2team (id,personid,teamid,positionid,occupationid,recordbook,stateid) VALUES (162,142,111,1,10,808168,1);
INSERT INTO emp2team (id,personid,teamid,positionid,occupationid,recordbook,stateid) VALUES (163,143,112,1,10,808169,1);
INSERT INTO emp2team (id,personid,teamid,positionid,occupationid,recordbook,stateid) VALUES (164,144,15,1,1,808170,1);
INSERT INTO emp2team (id,personid,teamid,positionid,occupationid,recordbook,stateid) VALUES (165,145,15,1,2,808171,1);
INSERT INTO emp2team (id,personid,teamid,positionid,occupationid,recordbook,stateid) VALUES (166,146,15,1,3,808172,1);
INSERT INTO emp2team (id,personid,teamid,positionid,occupationid,recordbook,stateid) VALUES (167,147,15,1,6,808173,1);
INSERT INTO emp2team (id,personid,teamid,positionid,occupationid,recordbook,stateid) VALUES (168,148,96,1,10,808174,1);
INSERT INTO emp2team (id,personid,teamid,positionid,occupationid,recordbook,stateid) VALUES (169,149,97,1,10,808175,1);
INSERT INTO emp2team (id,personid,teamid,positionid,occupationid,recordbook,stateid) VALUES (170,150,98,1,10,808176,1);
INSERT INTO emp2team (id,personid,teamid,positionid,occupationid,recordbook,stateid) VALUES (171,151,99,1,10,808177,1);
INSERT INTO emp2team (id,personid,teamid,positionid,occupationid,recordbook,stateid) VALUES (172,152,100,1,10,808178,1);
INSERT INTO emp2team (id,personid,teamid,positionid,occupationid,recordbook,stateid) VALUES (173,153,101,1,10,808179,1);
INSERT INTO emp2team (id,personid,teamid,positionid,occupationid,recordbook,stateid) VALUES (174,154,102,1,10,808180,1);
INSERT INTO emp2team (id,personid,teamid,positionid,occupationid,recordbook,stateid) VALUES (175,155,11,1,1,808181,1);
INSERT INTO emp2team (id,personid,teamid,positionid,occupationid,recordbook,stateid) VALUES (176,156,11,1,2,808182,1);
INSERT INTO emp2team (id,personid,teamid,positionid,occupationid,recordbook,stateid) VALUES (177,157,11,1,3,808183,1);
INSERT INTO emp2team (id,personid,teamid,positionid,occupationid,recordbook,stateid) VALUES (178,158,11,1,6,808184,1);
INSERT INTO emp2team (id,personid,teamid,positionid,occupationid,recordbook,stateid) VALUES (179,159,75,1,10,808185,1);
INSERT INTO emp2team (id,personid,teamid,positionid,occupationid,recordbook,stateid) VALUES (180,160,76,1,10,808186,1);
INSERT INTO emp2team (id,personid,teamid,positionid,occupationid,recordbook,stateid) VALUES (181,161,77,1,10,808187,1);
INSERT INTO emp2team (id,personid,teamid,positionid,occupationid,recordbook,stateid) VALUES (182,162,78,1,10,808188,1);
INSERT INTO emp2team (id,personid,teamid,positionid,occupationid,recordbook,stateid) VALUES (183,163,79,1,10,808189,1);
INSERT INTO emp2team (id,personid,teamid,positionid,occupationid,recordbook,stateid) VALUES (184,164,80,1,10,808190,1);
INSERT INTO emp2team (id,personid,teamid,positionid,occupationid,recordbook,stateid) VALUES (185,165,12,1,1,808191,1);
INSERT INTO emp2team (id,personid,teamid,positionid,occupationid,recordbook,stateid) VALUES (186,166,12,1,2,808192,1);
INSERT INTO emp2team (id,personid,teamid,positionid,occupationid,recordbook,stateid) VALUES (187,167,12,1,3,808193,1);
INSERT INTO emp2team (id,personid,teamid,positionid,occupationid,recordbook,stateid) VALUES (188,168,12,1,6,808194,1);
INSERT INTO emp2team (id,personid,teamid,positionid,occupationid,recordbook,stateid) VALUES (189,169,12,1,5,808195,1);
INSERT INTO emp2team (id,personid,teamid,positionid,occupationid,recordbook,stateid) VALUES (190,170,12,1,2,808196,1);
INSERT INTO emp2team (id,personid,teamid,positionid,occupationid,recordbook,stateid) VALUES (191,171,81,1,10,808197,1);
INSERT INTO emp2team (id,personid,teamid,positionid,occupationid,recordbook,stateid) VALUES (192,172,82,1,10,808198,1);
INSERT INTO emp2team (id,personid,teamid,positionid,occupationid,recordbook,stateid) VALUES (193,173,83,1,10,808199,1);
INSERT INTO emp2team (id,personid,teamid,positionid,occupationid,recordbook,stateid) VALUES (194,174,84,1,10,808200,1);
INSERT INTO emp2team (id,personid,teamid,positionid,occupationid,recordbook,stateid) VALUES (195,175,85,1,10,808201,1);
INSERT INTO emp2team (id,personid,teamid,positionid,occupationid,recordbook,stateid) VALUES (196,176,86,1,10,808202,1);
INSERT INTO emp2team (id,personid,teamid,positionid,occupationid,recordbook,stateid) VALUES (197,177,87,1,10,808203,1);
INSERT INTO emp2team (id,personid,teamid,positionid,occupationid,recordbook,stateid) VALUES (198,178,88,1,10,808204,1);
INSERT INTO emp2team (id,personid,teamid,positionid,occupationid,recordbook,stateid) VALUES (199,179,17,1,7,808205,1);
INSERT INTO emp2team (id,personid,teamid,positionid,occupationid,recordbook,stateid) VALUES (200,180,113,1,8,808206,1);
INSERT INTO emp2team (id,personid,teamid,positionid,occupationid,recordbook,stateid) VALUES (201,181,114,1,8,808207,1);
INSERT INTO emp2team (id,personid,teamid,positionid,occupationid,recordbook,stateid) VALUES (202,182,114,1,8,808208,1);


/*users*/
INSERT INTO users (id,personid,username,password,enabled) VALUES ('2','2','user2',120,1);
INSERT INTO users (id,personid,username,password,enabled)  VALUES ('3','3','user3',120,1);
INSERT INTO users (id,personid,username,password,enabled)  VALUES ('4','4','user4',120,1);
INSERT INTO users (id,personid,username,password,enabled)  VALUES ('5','5','user5',120,1);
INSERT INTO users (id,personid,username,password,enabled)  VALUES ('6','6','user6',120,1);
INSERT INTO users (id,personid,username,password,enabled)  VALUES ('7','7','user7',120,1);
INSERT INTO users (id,personid,username,password,enabled)  VALUES ('8','8','user8',120,1);
INSERT INTO users (id,personid,username,password,enabled)  VALUES ('9','9','user9',120,1);
INSERT INTO users (id,personid,username,password,enabled)  VALUES ('10','10','user10',121,1);
INSERT INTO users (id,personid,username,password,enabled)  VALUES ('11','11','user11',121,1);
INSERT INTO users (id,personid,username,password,enabled)  VALUES ('12','12','user12',121,1);
INSERT INTO users (id,personid,username,password,enabled)  VALUES ('13','13','user13',121,1);
INSERT INTO users (id,personid,username,password,enabled)  VALUES ('14','14','user14',121,1);
INSERT INTO users (id,personid,username,password,enabled)  VALUES ('15','15','user15',121,1);
INSERT INTO users (id,personid,username,password,enabled)  VALUES ('16','16','user16',121,1);
INSERT INTO users (id,personid,username,password,enabled)  VALUES ('17','17','user17',121,1);
INSERT INTO users (id,personid,username,password,enabled)  VALUES ('18','18','user18',121,1);
INSERT INTO users (id,personid,username,password,enabled)  VALUES ('19','19','user19',121,1);
INSERT INTO users (id,personid,username,password,enabled)  VALUES ('20','20','user20',122,1);
INSERT INTO users (id,personid,username,password,enabled)  VALUES ('21','21','user21',122,1);
INSERT INTO users (id,personid,username,password,enabled)  VALUES ('22','22','user22',122,1);
INSERT INTO users (id,personid,username,password,enabled)  VALUES ('23','23','user23',122,1);
INSERT INTO users (id,personid,username,password,enabled)  VALUES ('24','24','user24',122,1);
INSERT INTO users (id,personid,username,password,enabled)  VALUES ('25','25','user25',122,1);
INSERT INTO users (id,personid,username,password,enabled)  VALUES ('26','26','user26',122,1);
INSERT INTO users (id,personid,username,password,enabled)  VALUES ('27','27','user27',122,1);
INSERT INTO users (id,personid,username,password,enabled)  VALUES ('28','28','user28',122,1);
INSERT INTO users (id,personid,username,password,enabled)  VALUES ('29','29','user29',122,1);
INSERT INTO users (id,personid,username,password,enabled)  VALUES ('30','30','user30',123,1);
INSERT INTO users (id,personid,username,password,enabled)  VALUES ('31','31','user31',123,1);
INSERT INTO users (id,personid,username,password,enabled)  VALUES ('32','32','user32',123,1);
INSERT INTO users (id,personid,username,password,enabled)  VALUES ('33','33','user33',123,1);
INSERT INTO users (id,personid,username,password,enabled)  VALUES ('34','34','user34',123,1);
INSERT INTO users (id,personid,username,password,enabled)  VALUES ('35','35','user35',123,1);
INSERT INTO users (id,personid,username,password,enabled)  VALUES ('36','36','user36',123,1);
INSERT INTO users (id,personid,username,password,enabled)  VALUES ('37','37','user37',123,1);
INSERT INTO users (id,personid,username,password,enabled)  VALUES ('38','38','user38',123,1);
INSERT INTO users (id,personid,username,password,enabled)  VALUES ('39','39','user39',123,1);
INSERT INTO users (id,personid,username,password,enabled)  VALUES ('40','40','user40',124,1);
INSERT INTO users (id,personid,username,password,enabled)  VALUES ('41','41','user41',124,1);
INSERT INTO users (id,personid,username,password,enabled)  VALUES ('42','42','user42',124,1);
INSERT INTO users (id,personid,username,password,enabled)  VALUES ('43','43','user43',124,1);
INSERT INTO users (id,personid,username,password,enabled)  VALUES ('44','44','user44',124,1);
INSERT INTO users (id,personid,username,password,enabled)  VALUES ('45','45','user45',124,1);
INSERT INTO users (id,personid,username,password,enabled)  VALUES ('46','46','user46',124,1);
INSERT INTO users (id,personid,username,password,enabled)  VALUES ('47','47','user47',124,1);
INSERT INTO users (id,personid,username,password,enabled)  VALUES ('48','48','user48',124,1);
INSERT INTO users (id,personid,username,password,enabled)  VALUES ('49','49','user49',124,1);
INSERT INTO users (id,personid,username,password,enabled)  VALUES ('50','50','user50',125,1);
INSERT INTO users (id,personid,username,password,enabled)  VALUES ('51','51','user51',125,1);
INSERT INTO users (id,personid,username,password,enabled)  VALUES ('52','52','user52',125,1);
INSERT INTO users (id,personid,username,password,enabled)  VALUES ('53','53','user53',125,1);
INSERT INTO users (id,personid,username,password,enabled)  VALUES ('54','54','user54',125,1);
INSERT INTO users (id,personid,username,password,enabled)  VALUES ('55','55','user55',125,1);
INSERT INTO users (id,personid,username,password,enabled)  VALUES ('56','56','user56',125,1);
INSERT INTO users (id,personid,username,password,enabled)  VALUES ('57','57','user57',125,1);
INSERT INTO users (id,personid,username,password,enabled)  VALUES ('58','58','user58',125,1);
INSERT INTO users (id,personid,username,password,enabled)  VALUES ('59','59','user59',125,1);
INSERT INTO users (id,personid,username,password,enabled)  VALUES ('60','60','user60',126,1);
INSERT INTO users (id,personid,username,password,enabled)  VALUES ('61','61','user61',126,1);
INSERT INTO users (id,personid,username,password,enabled)  VALUES ('62','62','user62',126,1);
INSERT INTO users (id,personid,username,password,enabled)  VALUES ('63','63','user63',126,1);
INSERT INTO users (id,personid,username,password,enabled)  VALUES ('64','64','user64',126,1);
INSERT INTO users (id,personid,username,password,enabled)  VALUES ('65','65','user65',126,1);
INSERT INTO users (id,personid,username,password,enabled)  VALUES ('66','66','user66',126,1);
INSERT INTO users (id,personid,username,password,enabled)  VALUES ('67','67','user67',126,1);
INSERT INTO users (id,personid,username,password,enabled)  VALUES ('68','68','user68',126,1);
INSERT INTO users (id,personid,username,password,enabled)  VALUES ('69','69','user69',126,1);
INSERT INTO users (id,personid,username,password,enabled)  VALUES ('70','70','user70',127,1);
INSERT INTO users (id,personid,username,password,enabled)  VALUES ('71','71','user71',127,1);
INSERT INTO users (id,personid,username,password,enabled)  VALUES ('72','72','user72',127,1);
INSERT INTO users (id,personid,username,password,enabled)  VALUES ('73','73','user73',127,1);
INSERT INTO users (id,personid,username,password,enabled)  VALUES ('74','74','user74',127,1);
INSERT INTO users (id,personid,username,password,enabled)  VALUES ('75','75','user75',127,1);
INSERT INTO users (id,personid,username,password,enabled)  VALUES ('76','76','user76',127,1);
INSERT INTO users (id,personid,username,password,enabled)  VALUES ('77','77','user77',127,1);
INSERT INTO users (id,personid,username,password,enabled)  VALUES ('78','78','user78',127,1);
INSERT INTO users (id,personid,username,password,enabled)  VALUES ('79','79','user79',127,1);
INSERT INTO users (id,personid,username,password,enabled)  VALUES ('80','80','user80',128,1);
INSERT INTO users (id,personid,username,password,enabled)  VALUES ('81','81','user81',128,1);
INSERT INTO users (id,personid,username,password,enabled)  VALUES ('82','82','user82',128,1);
INSERT INTO users (id,personid,username,password,enabled)  VALUES ('83','83','user83',128,1);
INSERT INTO users (id,personid,username,password,enabled)  VALUES ('84','84','user84',128,1);
INSERT INTO users (id,personid,username,password,enabled)  VALUES ('85','85','user85',128,1);
INSERT INTO users (id,personid,username,password,enabled)  VALUES ('86','86','user86',128,1);
INSERT INTO users (id,personid,username,password,enabled)  VALUES ('87','87','user87',128,1);
INSERT INTO users (id,personid,username,password,enabled)  VALUES ('88','88','user88',128,1);
INSERT INTO users (id,personid,username,password,enabled)  VALUES ('89','89','user89',128,1);
INSERT INTO users (id,personid,username,password,enabled)  VALUES ('90','90','user90',129,1);
INSERT INTO users (id,personid,username,password,enabled)  VALUES ('91','91','user91',129,1);
INSERT INTO users (id,personid,username,password,enabled)  VALUES ('92','92','user92',129,1);
INSERT INTO users (id,personid,username,password,enabled)  VALUES ('93','93','user93',129,1);
INSERT INTO users (id,personid,username,password,enabled)  VALUES ('94','94','user94',129,1);
INSERT INTO users (id,personid,username,password,enabled)  VALUES ('95','95','user95',129,1);
INSERT INTO users (id,personid,username,password,enabled)  VALUES ('96','96','user96',129,1);
INSERT INTO users (id,personid,username,password,enabled)  VALUES ('97','97','user97',129,1);
INSERT INTO users (id,personid,username,password,enabled)  VALUES ('98','98','user98',129,1);
INSERT INTO users (id,personid,username,password,enabled)  VALUES ('99','99','user99',129,1);
INSERT INTO users (id,personid,username,password,enabled)  VALUES ('100','100','user100',1210,1);
INSERT INTO users (id,personid,username,password,enabled)  VALUES ('101','101','user101',1210,1);
INSERT INTO users (id,personid,username,password,enabled)  VALUES ('102','102','user102',1210,1);
INSERT INTO users (id,personid,username,password,enabled)  VALUES ('103','103','user103',1210,1);
INSERT INTO users (id,personid,username,password,enabled)  VALUES ('104','104','user104',1210,1);
INSERT INTO users (id,personid,username,password,enabled)  VALUES ('105','105','user105',1210,1);
INSERT INTO users (id,personid,username,password,enabled)  VALUES ('106','106','user106',1210,1);
INSERT INTO users (id,personid,username,password,enabled)  VALUES ('107','107','user107',1210,1);
INSERT INTO users (id,personid,username,password,enabled)  VALUES ('108','108','user108',1210,1);
INSERT INTO users (id,personid,username,password,enabled)  VALUES ('109','109','user109',1210,1);
INSERT INTO users (id,personid,username,password,enabled)  VALUES ('110','110','user110',1211,1);
INSERT INTO users (id,personid,username,password,enabled)  VALUES ('111','111','user111',1211,1);
INSERT INTO users (id,personid,username,password,enabled)  VALUES ('112','112','user112',1211,1);
INSERT INTO users (id,personid,username,password,enabled)  VALUES ('113','113','user113',1211,1);
INSERT INTO users (id,personid,username,password,enabled)  VALUES ('114','114','user114',1211,1);
INSERT INTO users (id,personid,username,password,enabled)  VALUES ('115','115','user115',1211,1);
INSERT INTO users (id,personid,username,password,enabled)  VALUES ('116','116','user116',1211,1);
INSERT INTO users (id,personid,username,password,enabled)  VALUES ('117','117','user117',1211,1);
INSERT INTO users (id,personid,username,password,enabled)  VALUES ('118','118','user118',1211,1);
INSERT INTO users (id,personid,username,password,enabled)  VALUES ('119','119','user119',1211,1);
INSERT INTO users (id,personid,username,password,enabled)  VALUES ('120','120','user120',1212,1);
INSERT INTO users (id,personid,username,password,enabled)  VALUES ('121','121','user121',1212,1);
INSERT INTO users (id,personid,username,password,enabled)  VALUES ('122','122','user122',1212,1);
INSERT INTO users (id,personid,username,password,enabled)  VALUES ('123','123','user123',1212,1);
INSERT INTO users (id,personid,username,password,enabled)  VALUES ('124','124','user124',1212,1);
INSERT INTO users (id,personid,username,password,enabled)  VALUES ('125','125','user125',1212,1);
INSERT INTO users (id,personid,username,password,enabled)  VALUES ('126','126','user126',1212,1);
INSERT INTO users (id,personid,username,password,enabled)  VALUES ('127','127','user127',1212,1);
INSERT INTO users (id,personid,username,password,enabled)  VALUES ('128','128','user128',1212,1);
INSERT INTO users (id,personid,username,password,enabled)  VALUES ('129','129','user129',1212,1);
INSERT INTO users (id,personid,username,password,enabled)  VALUES ('130','130','user130',1213,1);
INSERT INTO users (id,personid,username,password,enabled)  VALUES ('131','131','user131',1213,1);
INSERT INTO users (id,personid,username,password,enabled)  VALUES ('132','132','user132',1213,1);
INSERT INTO users (id,personid,username,password,enabled)  VALUES ('133','133','user133',1213,1);
INSERT INTO users (id,personid,username,password,enabled)  VALUES ('134','134','user134',1213,1);
INSERT INTO users (id,personid,username,password,enabled)  VALUES ('135','135','user135',1213,1);
INSERT INTO users (id,personid,username,password,enabled)  VALUES ('136','136','user136',1213,1);
INSERT INTO users (id,personid,username,password,enabled)  VALUES ('137','137','user137',1213,1);
INSERT INTO users (id,personid,username,password,enabled)  VALUES ('138','138','user138',1213,1);
INSERT INTO users (id,personid,username,password,enabled)  VALUES ('139','139','user139',1213,1);
INSERT INTO users (id,personid,username,password,enabled)  VALUES ('140','140','user140',1214,1);
INSERT INTO users (id,personid,username,password,enabled)  VALUES ('141','141','user141',1214,1);
INSERT INTO users (id,personid,username,password,enabled)  VALUES ('142','142','user142',1214,1);
INSERT INTO users (id,personid,username,password,enabled)  VALUES ('143','143','user143',1214,1);
INSERT INTO users (id,personid,username,password,enabled)  VALUES ('144','144','user144',1214,1);
INSERT INTO users (id,personid,username,password,enabled)  VALUES ('145','145','user145',1214,1);
INSERT INTO users (id,personid,username,password,enabled)  VALUES ('146','146','user146',1214,1);
INSERT INTO users (id,personid,username,password,enabled)  VALUES ('147','147','user147',1214,1);
INSERT INTO users (id,personid,username,password,enabled)  VALUES ('148','148','user148',1214,1);
INSERT INTO users (id,personid,username,password,enabled)  VALUES ('149','149','user149',1214,1);
INSERT INTO users (id,personid,username,password,enabled)  VALUES ('150','150','user150',1215,1);
INSERT INTO users (id,personid,username,password,enabled)  VALUES ('151','151','user151',1215,1);
INSERT INTO users (id,personid,username,password,enabled)  VALUES ('152','152','user152',1215,1);
INSERT INTO users (id,personid,username,password,enabled)  VALUES ('153','153','user153',1215,1);
INSERT INTO users (id,personid,username,password,enabled)  VALUES ('154','154','user154',1215,1);
INSERT INTO users (id,personid,username,password,enabled)  VALUES ('155','155','user155',1215,1);
INSERT INTO users (id,personid,username,password,enabled)  VALUES ('156','156','user156',1215,1);
INSERT INTO users (id,personid,username,password,enabled)  VALUES ('157','157','user157',1215,1);
INSERT INTO users (id,personid,username,password,enabled)  VALUES ('158','158','user158',1215,1);
INSERT INTO users (id,personid,username,password,enabled)  VALUES ('159','159','user159',1215,1);
INSERT INTO users (id,personid,username,password,enabled)  VALUES ('160','160','user160',1216,1);
INSERT INTO users (id,personid,username,password,enabled)  VALUES ('161','161','user161',1216,1);
INSERT INTO users (id,personid,username,password,enabled)  VALUES ('162','162','user162',1216,1);
INSERT INTO users (id,personid,username,password,enabled)  VALUES ('163','163','user163',1216,1);
INSERT INTO users (id,personid,username,password,enabled)  VALUES ('164','164','user164',1216,1);
INSERT INTO users (id,personid,username,password,enabled)  VALUES ('165','165','user165',1216,1);
INSERT INTO users (id,personid,username,password,enabled)  VALUES ('166','166','user166',1216,1);
INSERT INTO users (id,personid,username,password,enabled)  VALUES ('167','167','user167',1216,1);
INSERT INTO users (id,personid,username,password,enabled)  VALUES ('168','168','user168',1216,1);
INSERT INTO users (id,personid,username,password,enabled)  VALUES ('169','169','user169',1216,1);
INSERT INTO users (id,personid,username,password,enabled)  VALUES ('170','170','user170',1217,1);
INSERT INTO users (id,personid,username,password,enabled)  VALUES ('171','171','user171',1217,1);
INSERT INTO users (id,personid,username,password,enabled)  VALUES ('172','172','user172',1217,1);
INSERT INTO users (id,personid,username,password,enabled)  VALUES ('173','173','user173',1217,1);
INSERT INTO users (id,personid,username,password,enabled)  VALUES ('174','174','user174',1217,1);
INSERT INTO users (id,personid,username,password,enabled)  VALUES ('175','175','user175',1217,1);
INSERT INTO users (id,personid,username,password,enabled)  VALUES ('176','176','user176',1217,1);
INSERT INTO users (id,personid,username,password,enabled)  VALUES ('177','177','user177',1217,1);
INSERT INTO users (id,personid,username,password,enabled)  VALUES ('178','178','user178',1217,1);
INSERT INTO users (id,personid,username,password,enabled)  VALUES ('179','179','user179',1217,1);
INSERT INTO users (id,personid,username,password,enabled)  VALUES ('180','180','user180',1218,1);
INSERT INTO users (id,personid,username,password,enabled)  VALUES ('181','181','user181',1218,1);
INSERT INTO users (id,personid,username,password,enabled)  VALUES ('182','182','user182',1218,1);
INSERT INTO users (id,personid,username,password,enabled)  VALUES ('183','183','user183',1219,1);
INSERT INTO users (id,personid,username,password,enabled)  VALUES ('184','184','user184',1219,1);
INSERT INTO users (id,personid,username,password,enabled)  VALUES ('185','185','user185',1219,1);
INSERT INTO users (id,personid,username,password,enabled)  VALUES ('186','186','user186',1219,1);
INSERT INTO users (id,personid,username,password,enabled)  VALUES ('187','187','user187',1219,1);
INSERT INTO users (id,personid,username,password,enabled)  VALUES ('188','188','user188',1219,1);
INSERT INTO users (id,personid,username,password,enabled)  VALUES ('189','189','user189',1219,1);
INSERT INTO users (id,personid,username,password,enabled)  VALUES ('190','190','user190',1219,1);
INSERT INTO users (id,personid,username,password,enabled)  VALUES ('191','191','user191',1219,1);
INSERT INTO users (id,personid,username,password,enabled)  VALUES ('192','192','user192',1219,1);
INSERT INTO users (id,personid,username,password,enabled)  VALUES ('193','193','user193',1219,1);
INSERT INTO users (id,personid,username,password,enabled)  VALUES ('194','194','user194',1219,1);
INSERT INTO users (id,personid,username,password,enabled)  VALUES ('195','195','user195',1219,1);
INSERT INTO users (id,personid,username,password,enabled)  VALUES ('196','196','user196',1220,1);
INSERT INTO users (id,personid,username,password,enabled)  VALUES ('197','197','user197',1220,1);
INSERT INTO users (id,personid,username,password,enabled)  VALUES ('198','198','user198',1220,1);
INSERT INTO users (id,personid,username,password,enabled)  VALUES ('199','199','user199',1220,1);
INSERT INTO users (id,personid,username,password,enabled)  VALUES ('200','200','user200',1220,1);
INSERT INTO users (id,personid,username,password,enabled)  VALUES ('201','201','user201',1220,1);
INSERT INTO users (id,personid,username,password,enabled)  VALUES ('202','202','user202',1220,1);
INSERT INTO users (id,personid,username,password,enabled)  VALUES ('203','203','user203',1220,1);
INSERT INTO users (id,personid,username,password,enabled)  VALUES ('204','204','user204',1220,1);
INSERT INTO users (id,personid,username,password,enabled)  VALUES ('205','205','user205',1220,1);
INSERT INTO users (id,personid,username,password,enabled)  VALUES ('206','206','user206',1220,1);
INSERT INTO users (id,personid,username,password,enabled)  VALUES ('207','207','user207',1220,1);
INSERT INTO users (id,personid,username,password,enabled)  VALUES ('208','208','user208',1220,1);
INSERT INTO users (id,personid,username,password,enabled)  VALUES ('209','209','user209',1220,1);
INSERT INTO users (id,personid,username,password,enabled)  VALUES ('210','210','user210',1220,1);
INSERT INTO users (id,personid,username,password,enabled)  VALUES ('211','211','user211',1220,1);
INSERT INTO users (id,personid,username,password,enabled)  VALUES ('212','212','user212',1220,1);


/*teamtype*/
INSERT INTO teamtype (id,name,stateid) VALUES (1, 'university',1);
INSERT INTO teamtype (id,name,stateid) VALUES (2, 'faculty',1);
INSERT INTO teamtype (id,name,stateid) VALUES (3, 'chair',1);
INSERT INTO teamtype (id,name,stateid) VALUES (4, 'profession',1);
INSERT INTO teamtype (id,name,stateid) VALUES (5, 'groups',1);
INSERT INTO teamtype (id,name,stateid) VALUES (6, 'subgroup',1);


/*university*/
INSERT INTO team (id,name,teamtypeid,rootid,stateid) VALUES (1,'Дніпропетровський національний університет імені Олеся Гончара',1,0,1);
/*faculty*/
INSERT INTO team (id,name,teamtypeid,rootid,stateid) VALUES (2,'Факультет української й іноземної філології та мистецтвознавства',2,1,1);
INSERT INTO team (id,name,teamtypeid,rootid,stateid) VALUES (3,'Факультет суспільних наук і міжнародних відносин',2,1,1); 
INSERT INTO team (id,name,teamtypeid,rootid,stateid) VALUES (4,'Факультет систем та засобів масової комунікації',2,1,1);
INSERT INTO team (id,name,teamtypeid,rootid,stateid) VALUES (5,'Факультет міжнародної економіки',2,1,1);
INSERT INTO team (id,name,teamtypeid,rootid,stateid) VALUES (6,'Економічний факультет',2,1,1);
INSERT INTO team (id,name,teamtypeid,rootid,stateid) VALUES (7,'Історичний факультет',2,1,1);
INSERT INTO team (id,name,teamtypeid,rootid,stateid) VALUES (8,'Факультет психології',2,1,1);
INSERT INTO team (id,name,teamtypeid,rootid,stateid) VALUES (9,'Юридичний факультет',2,1,1);
INSERT INTO team (id,name,teamtypeid,rootid,stateid) VALUES (10,'Факультет фізики, електроніки та комп''ютерних систем',2,1,1);
INSERT INTO team (id,name,teamtypeid,rootid,stateid) VALUES (11,'Хімічний факультет',2,1,1);
INSERT INTO team (id,name,teamtypeid,rootid,stateid) VALUES (12,'Факультет біології, екології та медицини',2,1,1);
INSERT INTO team (id,name,teamtypeid,rootid,stateid) VALUES (13,'Геолого-географічний факультет',2,1,1);
INSERT INTO team (id,name,teamtypeid,rootid,stateid) VALUES (14,'Факультет прикладної математики',2,1,1);
INSERT INTO team (id,name,teamtypeid,rootid,stateid) VALUES (15,'Механіко-математичний факультет',2,1,1);
INSERT INTO team (id,name,teamtypeid,rootid,stateid) VALUES (16,'Фізико-технічний факультет',2,1,1);
INSERT INTO team (id,name,teamtypeid,rootid,stateid) VALUES (17,'Центр заочної та вечірньої форм навчання',2,1,1);
/*chair*/
INSERT INTO team (id,name,teamtypeid,rootid,stateid) VALUES (18,'Кафедра української мови.',3,2,1);
INSERT INTO team (id,name,teamtypeid,rootid,stateid) VALUES (19,'Кафедра англійської філології.',3,2,1);
INSERT INTO team (id,name,teamtypeid,rootid,stateid) VALUES (20,'Кафедра германської філології.',3,2,1);
INSERT INTO team (id,name,teamtypeid,rootid,stateid) VALUES (21,'Кафедра романської філології.',3,2,1);
INSERT INTO team (id,name,teamtypeid,rootid,stateid) VALUES (22,'Кафедра порівняльної філології східних та англомовних країн.',3,2,1);
INSERT INTO team (id,name,teamtypeid,rootid,stateid) VALUES (23,'Кафедра загального та російського мовознавства.',3,2,1);
INSERT INTO team (id,name,teamtypeid,rootid,stateid) VALUES (24,'Кафедра української літератури.',3,2,1);
INSERT INTO team (id,name,teamtypeid,rootid,stateid) VALUES (25,'Кафедра зарубіжної літератури.',3,2,1);
INSERT INTO team (id,name,teamtypeid,rootid,stateid) VALUES (26,'Кафедра іноземних мов для гуманітарних факультетів.',3,2,1);
INSERT INTO team (id,name,teamtypeid,rootid,stateid) VALUES (27,'Кафедра образотворчого мистецтва та дизайну.',3,2,1);
INSERT INTO team (id,name,teamtypeid,rootid,stateid) VALUES (28,'Кафедра перекладу та лінгвістичної підготовки іноземців.',3,2,1);

INSERT INTO team (id,name,teamtypeid,rootid,stateid) VALUES (29,'Кафедра філософії.',3,3,1);
INSERT INTO team (id,name,teamtypeid,rootid,stateid) VALUES (30,'Кафедра соціології',3,3,1);
INSERT INTO team (id,name,teamtypeid,rootid,stateid) VALUES (31,'Кафедра політології.',3,3,1);
INSERT INTO team (id,name,teamtypeid,rootid,stateid) VALUES (32,'Кафедра міжнародних відносин. ',3,3,1);
INSERT INTO team (id,name,teamtypeid,rootid,stateid) VALUES (33,'Кафедра соціальної роботи. ',3,3,1);
INSERT INTO team (id,name,teamtypeid,rootid,stateid) VALUES (34,'Кафедра масової та міжнародної комунікації. ',3,3,1);
INSERT INTO team (id,name,teamtypeid,rootid,stateid) VALUES (35,'Кафедра лінгвістичної та країнознавчої підготовки журналістів.',3,3,1);
INSERT INTO team (id,name,teamtypeid,rootid,stateid) VALUES (36,'Кафедра видавничої справи та міжкультурної комунікації.',3,3,1);
INSERT INTO team (id,name,teamtypeid,rootid,stateid) VALUES (37,'Кафедра реклами та зв’язків з громадськістю.',3,3,1);

INSERT INTO team (id,name,teamtypeid,rootid,stateid) VALUES (38,'Кафедра міжнародних фінансів.',3,4,1);
INSERT INTO team (id,name,teamtypeid,rootid,stateid) VALUES (39,'Кафедра економіки та управління національним господарством.',3,4,1);
INSERT INTO team (id,name,teamtypeid,rootid,stateid) VALUES (40,'Кафедра менеджменту та туризму',3,4,1);
INSERT INTO team (id,name,teamtypeid,rootid,stateid) VALUES (41,'Кафедра іноземних мов.',3,4,1);

INSERT INTO team (id,name,teamtypeid,rootid,stateid) VALUES (42,'Кафедра фінансів.',3,5,1);
INSERT INTO team (id,name,teamtypeid,rootid,stateid) VALUES (43,'Кафедра банківської справи.',3,5,1);
INSERT INTO team (id,name,teamtypeid,rootid,stateid) VALUES (44,'Кафедра обліку і аудиту.',3,5,1);
INSERT INTO team (id,name,teamtypeid,rootid,stateid) VALUES (45,'Кафедра економіки і управління підприємством.',3,5,1);
INSERT INTO team (id,name,teamtypeid,rootid,stateid) VALUES (46,'Кафедра економічної інформатики та статистики.',3,5,1);
INSERT INTO team (id,name,teamtypeid,rootid,stateid) VALUES (47,'Кафедра маркетингу та менеджменту.',3,5,1);
INSERT INTO team (id,name,teamtypeid,rootid,stateid) VALUES (48,'Кафедра економічної теорії.',3,5,1);
INSERT INTO team (id,name,teamtypeid,rootid,stateid) VALUES (49,'Кафедра економічної кібернетики. ',3,5,1);
INSERT INTO team (id,name,teamtypeid,rootid,stateid) VALUES (50,'Кафедра комп''ютерної обробки фінансово-економічної інформації.',3,5,1);
INSERT INTO team (id,name,teamtypeid,rootid,stateid) VALUES (51,'Кафедра іноземних мов для економічних спеціальностей',3,5,1);

INSERT INTO team (id,name,teamtypeid,rootid,stateid) VALUES (52,'Кафедра всесвітньої історії.',3,6,1);
INSERT INTO team (id,name,teamtypeid,rootid,stateid) VALUES (53,'Кафедра історії України.',3,6,1);
INSERT INTO team (id,name,teamtypeid,rootid,stateid) VALUES (54,'Кафедра історіографії, джерелознавства та архівознавства.',3,6,1);
INSERT INTO team (id,name,teamtypeid,rootid,stateid) VALUES (55,'Кафедра російської історії',3,6,1);
INSERT INTO team (id,name,teamtypeid,rootid,stateid) VALUES (56,'Кафедра української історії та етнополітики.',3,6,1);


INSERT INTO team (id,name,teamtypeid,rootid,stateid) VALUES (57,'Кафедра педагогічної та вікової психології.',3,7,1);
INSERT INTO team (id,name,teamtypeid,rootid,stateid) VALUES (58,'Кафедра загальної та медичної психології.',3,7,1);
INSERT INTO team (id,name,teamtypeid,rootid,stateid) VALUES (59,'Кафедра соціальної психології та психології управління.',3,7,1);
INSERT INTO team (id,name,teamtypeid,rootid,stateid) VALUES (60,'Кафедра педагогіки та корекційної освіти.',3,7,1);

INSERT INTO team (id,name,teamtypeid,rootid,stateid) VALUES (61,'Кафедра міжнародного права',3,8,1);
INSERT INTO team (id,name,teamtypeid,rootid,stateid) VALUES (62,'Кафедра теорії держави і права, конституційного права та державного управління.',3,8,1);
INSERT INTO team (id,name,teamtypeid,rootid,stateid) VALUES (63,'Кафедра цивільного, трудового та господарського права',3,8,1);
INSERT INTO team (id,name,teamtypeid,rootid,stateid) VALUES (64,'Кафедра адміністративного та кримінального права',3,8,1);

INSERT INTO team (id,name,teamtypeid,rootid,stateid) VALUES (65,'Кафедра електронних засобів телекомунікацій.',3,9,1);
INSERT INTO team (id,name,teamtypeid,rootid,stateid) VALUES (66,'Кафедра прикладної і комп''ютерної радіофізики.',3,9,1);
INSERT INTO team (id,name,teamtypeid,rootid,stateid) VALUES (67,'Кафедра електронних обчислювальних машин.',3,9,1);
INSERT INTO team (id,name,teamtypeid,rootid,stateid) VALUES (68,'Кафедра автоматизованих систем обробки інформації.',3,9,1);
INSERT INTO team (id,name,teamtypeid,rootid,stateid) VALUES (69,'Кафедра теоретичної фізики.',3,9,1);
INSERT INTO team (id,name,teamtypeid,rootid,stateid) VALUES (70,'Кафедра квантової макрофізики.',3,9,1);
INSERT INTO team (id,name,teamtypeid,rootid,stateid) VALUES (71,'Кафедра радіоелектроніки.',3,9,1);
INSERT INTO team (id,name,teamtypeid,rootid,stateid) VALUES (72,'Кафедра експериментальної фізики.',3,9,1);
INSERT INTO team (id,name,teamtypeid,rootid,stateid) VALUES (73,'Кафедра металофізики.',3,9,1);
INSERT INTO team (id,name,teamtypeid,rootid,stateid) VALUES (74,'Кафедра фізики твердого тіла та оптоелектроніки.',3,9,1);

INSERT INTO team (id,name,teamtypeid,rootid,stateid) VALUES (75,'Кафедра харчових технологій.',3,10,1);
INSERT INTO team (id,name,teamtypeid,rootid,stateid) VALUES (76,'Кафедра фізичної та неорганічної хімії.',3,10,1);
INSERT INTO team (id,name,teamtypeid,rootid,stateid) VALUES (77,'Кафедра аналітичної хімії.',3,10,1);
INSERT INTO team (id,name,teamtypeid,rootid,stateid) VALUES (78,'Кафедра органічної хімії.',3,10,1);
INSERT INTO team (id,name,teamtypeid,rootid,stateid) VALUES (79,'Кафедра хімії та хімічної технології високомолекулярних сполук.',3,10,1);
INSERT INTO team (id,name,teamtypeid,rootid,stateid) VALUES (80,'Науково-дослідна лабораторія електроосадження металів.',3,10,1);

INSERT INTO team (id,name,teamtypeid,rootid,stateid) VALUES (81,'Кафедра фізіології людини і тварин',3,11,1);
INSERT INTO team (id,name,teamtypeid,rootid,stateid) VALUES (82,'Кафедра фізіології рослин та інтродукції',3,11,1);
INSERT INTO team (id,name,teamtypeid,rootid,stateid) VALUES (83,'Кафедра біофізики та біохімії',3,11,1);
INSERT INTO team (id,name,teamtypeid,rootid,stateid) VALUES (84,'Кафедра іхтіології та гідробіології',3,11,1);
INSERT INTO team (id,name,teamtypeid,rootid,stateid) VALUES (85,'Кафедра мікробіології та вірусології',3,11,1);
INSERT INTO team (id,name,teamtypeid,rootid,stateid) VALUES (86,'Кафедра зоології та екології',3,11,1);
INSERT INTO team (id,name,teamtypeid,rootid,stateid) VALUES (87,'Кафедра геоботаніки, ґрунтознавства та екології',3,11,1);
INSERT INTO team (id,name,teamtypeid,rootid,stateid) VALUES (88,'Кафедра клінічної лабораторної діагностики',3,11,1);

INSERT INTO team (id,name,teamtypeid,rootid,stateid) VALUES (89,'Кафедра геології та гідрогеології.',3,12,1);
INSERT INTO team (id,name,teamtypeid,rootid,stateid) VALUES (90,'Кафедра гідрометеорологіїї і геоекології.',3,12,1);
INSERT INTO team (id,name,teamtypeid,rootid,stateid) VALUES (91,'Кафедра фізичної та економічної географії.',3,12,1);

INSERT INTO team (id,name,teamtypeid,rootid,stateid) VALUES (92,'Кафедра обчислювальної математики та математичної кібернетики.',3,13,1);
INSERT INTO team (id,name,teamtypeid,rootid,stateid) VALUES (93,'Кафедра математичного забезпечення електронних обчислювальних машин.',3,13,1);
INSERT INTO team (id,name,teamtypeid,rootid,stateid) VALUES (94,'Кафедра математичного моделювання.',3,13,1);
INSERT INTO team (id,name,teamtypeid,rootid,stateid) VALUES (95,'Кафедра комп''ютерних технологій.',3,13,1);

INSERT INTO team (id,name,teamtypeid,rootid,stateid) VALUES (96,'Кафедра математичного аналізу і теорії функцій.',3,14,1);
INSERT INTO team (id,name,teamtypeid,rootid,stateid) VALUES (97,'федра геометрії та алгебри.',3,14,1);
INSERT INTO team (id,name,teamtypeid,rootid,stateid) VALUES (98,'Кафедра диференціальних рівнянь',3,14,1);
INSERT INTO team (id,name,teamtypeid,rootid,stateid) VALUES (99,'Кафедра статистики й теорії ймовірностей.',3,14,1);
INSERT INTO team (id,name,teamtypeid,rootid,stateid) VALUES (100,'Кафедра теоретичної та прикладної механіки.',3,14,1);
INSERT INTO team (id,name,teamtypeid,rootid,stateid) VALUES (101,'Кафедра аерогідромеханіки та енергомасопереносу.',3,14,1);
INSERT INTO team (id,name,teamtypeid,rootid,stateid) VALUES (102,'Кафедра обчислювальної механіки та міцності конструкцій.',3,14,1);

INSERT INTO team (id,name,teamtypeid,rootid,stateid) VALUES (103,'Кафедра проектування і конструкцій літальних апаратів.',3,15,1);
INSERT INTO team (id,name,teamtypeid,rootid,stateid) VALUES (104,'Кафедра двигунобудування',3,15,1);
INSERT INTO team (id,name,teamtypeid,rootid,stateid) VALUES (105,'Кафедра энергетики',3,15,1);
INSERT INTO team (id,name,teamtypeid,rootid,stateid) VALUES (106,'Кафедра систем автоматизованого управління.',3,15,1);
INSERT INTO team (id,name,teamtypeid,rootid,stateid) VALUES (107,'Кафедра радіоелектронної автоматики.',3,15,1);
INSERT INTO team (id,name,teamtypeid,rootid,stateid) VALUES (108,'Кафедра робототехнічних систем.',3,15,1);
INSERT INTO team (id,name,teamtypeid,rootid,stateid) VALUES (109,'Кафедра технології виробництва літальних апаратів.',3,15,1);
INSERT INTO team (id,name,teamtypeid,rootid,stateid) VALUES (110,'Кафедра технічної механіки.',3,15,1);
INSERT INTO team (id,name,teamtypeid,rootid,stateid) VALUES (111,'Кафедра безпеки життєдіяльності.',3,15,1);
INSERT INTO team (id,name,teamtypeid,rootid,stateid) VALUES (112,'Кафедра іноземних мов для технічних та природознавчих специальностей.',3,15,1);

INSERT INTO team (id,name,teamtypeid,rootid,stateid) VALUES (113,'Відділення вечірньої форми навчання',3,16,1);
INSERT INTO team (id,name,teamtypeid,rootid,stateid) VALUES (114,'Відділення заочної форми навчання',3,16,1);


/*profession*/
/*Факультет української й іноземної філології та мистецтвознавства*/ 
INSERT INTO team (id,name,teamtypeid,rootid,stateid) VALUES (115,'6.020205 Образотворче мистецтво',4,2,1);
INSERT INTO team (id,name,teamtypeid,rootid,stateid) VALUES (116,'6.020207 Дизайн',4,2,1);
INSERT INTO team (id,name,teamtypeid,rootid,stateid) VALUES (117,'6.020303 Філологія (українська мова та література)',4,2,1);
INSERT INTO team (id,name,teamtypeid,rootid,stateid) VALUES (118,'6.020303 Філологія (російська мова та література)',4,2,1);
INSERT INTO team (id,name,teamtypeid,rootid,stateid) VALUES (119,'6.020303 Переклад',4,2,1);
INSERT INTO team (id,name,teamtypeid,rootid,stateid) VALUES (120,'6.020303 Філологія (англійська мова та література)',4,2,1);
INSERT INTO team (id,name,teamtypeid,rootid,stateid) VALUES (121,'6.020303 Філологія (китайська мова та література)',4,2,1);
INSERT INTO team (id,name,teamtypeid,rootid,stateid) VALUES (122,'6.020303 Філологія (японська мова та література)',4,2,1);
INSERT INTO team (id,name,teamtypeid,rootid,stateid) VALUES (123,'6.020303 Філологія (німецька мова та література)',4,2,1);
INSERT INTO team (id,name,teamtypeid,rootid,stateid) VALUES (124,'6.020303 Філологія (французька мова та література)',4,2,1);


/*Факультет суспільних наук і міжнародних відносин*/
INSERT INTO team (id,name,teamtypeid,rootid,stateid) VALUES (125,'6.030201 Міжнародні відносини',4,3,1);
INSERT INTO team (id,name,teamtypeid,rootid,stateid) VALUES (126,'6.030104 Політологія',4,3,1);
INSERT INTO team (id,name,teamtypeid,rootid,stateid) VALUES (127,'6.130102 Соціальна робота',4,3,1);
INSERT INTO team (id,name,teamtypeid,rootid,stateid) VALUES (128,'6.020301 Філософія',4,3,1);
INSERT INTO team (id,name,teamtypeid,rootid,stateid) VALUES (129,'6.030101 Соціологія',4,3,1);
/* Факультет систем та засобів масової комунікації*/
INSERT INTO team (id,name,teamtypeid,rootid,stateid) VALUES (130,'6.030301 Журналістика',5,3,1);
INSERT INTO team (id,name,teamtypeid,rootid,stateid) VALUES (131,'6.030302 Реклама і зв''язки з громадськістю',5,3,1);
INSERT INTO team (id,name,teamtypeid,rootid,stateid) VALUES (132,'6.030303 Видавнича справа та редагування',5,3,1);
/* Факультет міжнародної економіки*/
INSERT INTO team (id,name,teamtypeid,rootid,stateid) VALUES (133,'6.140103 Туризм',6,3,1);
INSERT INTO team (id,name,teamtypeid,rootid,stateid) VALUES (134,'6.030505 Управління персоналом і економіка праці',6,3,1);
INSERT INTO team (id,name,teamtypeid,rootid,stateid) VALUES (135,'6.030503 Міжнародна економіка',6,3,1);
INSERT INTO team (id,name,teamtypeid,rootid,stateid) VALUES (136,'6.030601 Менеджмент',6,3,1);
INSERT INTO team (id,name,teamtypeid,rootid,stateid) VALUES (137,'6.030203 Міжнародні економічні відносини',6,3,1);
/* Економічний факультет*/
INSERT INTO team (id,name,teamtypeid,rootid,stateid) VALUES (138,'6.030502 Економічна кібернетика',7,3,1);
INSERT INTO team (id,name,teamtypeid,rootid,stateid) VALUES (139,'6.030504 Економіка підприємства',7,3,1);
INSERT INTO team (id,name,teamtypeid,rootid,stateid) VALUES (140,'6.030506 Прикладна статистика',7,3,1);
INSERT INTO team (id,name,teamtypeid,rootid,stateid) VALUES (141,'6.030507 Маркетинг',7,3,1);
INSERT INTO team (id,name,teamtypeid,rootid,stateid) VALUES (142,'6.030508 Фінанси і кредит',7,3,1);
INSERT INTO team (id,name,teamtypeid,rootid,stateid) VALUES (143,'6.030509 Облік і аудит',7,3,1);
/* Історичний факультет*/
INSERT INTO team (id,name,teamtypeid,rootid,stateid) VALUES (144,'6.020302 Історія',8,3,1);
/* Факультет психології*/
INSERT INTO team (id,name,teamtypeid,rootid,stateid) VALUES (145,'6.030102 Психологія',9,3,1);
INSERT INTO team (id,name,teamtypeid,rootid,stateid) VALUES (146,'6.010105 Корекційна освіта',9,3,1);
/* Юридичний факультет*/
INSERT INTO team (id,name,teamtypeid,rootid,stateid) VALUES (147,'6.030402 Правознавство',10,3,1);
/* Факультет фізики, електроніки та комп''ютерних систем*/
INSERT INTO team (id,name,teamtypeid,rootid,stateid) VALUES (148,'6.040203 Фізика',11,3,1);
INSERT INTO team (id,name,teamtypeid,rootid,stateid) VALUES (149,'6.040204 Прикладна фізика',11,3,1);
INSERT INTO team (id,name,teamtypeid,rootid,stateid) VALUES (150,'6.050801 Мікро- та наноелектроніка',11,3,1);
INSERT INTO team (id,name,teamtypeid,rootid,stateid) VALUES (151,'6.050101 Комп''ютерні науки',11,3,1);
INSERT INTO team (id,name,teamtypeid,rootid,stateid) VALUES (152,'6.050903 Телекомунікації',11,3,1);
INSERT INTO team (id,name,teamtypeid,rootid,stateid) VALUES (153,'6.050102 Комп''ютерна інженерія',11,3,1);
INSERT INTO team (id,name,teamtypeid,rootid,stateid) VALUES (154,'6.050902 Радіоелектронні апарати',11,3,1);
/*Хімічний факультет*/
INSERT INTO team (id,name,teamtypeid,rootid,stateid) VALUES (155,'6.040101 Хімія',12,3,1);
INSERT INTO team (id,name,teamtypeid,rootid,stateid) VALUES (156,'6.051301 Хімічна технологія',12,3,1);
INSERT INTO team (id,name,teamtypeid,rootid,stateid) VALUES (157,'6.051701 Харчова технологія та інженерія',12,3,1);
/* Факультет біології, екології та медицини*/
INSERT INTO team (id,name,teamtypeid,rootid,stateid) VALUES (158,'6.040102 Біологія',13,3,1);
INSERT INTO team (id,name,teamtypeid,rootid,stateid) VALUES (159,'6.040106 Екологія, охорона навколишнього середовища та збалансоване природокористування',13,3,1);
INSERT INTO team (id,name,teamtypeid,rootid,stateid) VALUES (160,'6.120102 Лабораторна діагностика',13,3,1);
/*Геолого-географічний факультет*/
INSERT INTO team (id,name,teamtypeid,rootid,stateid) VALUES (161,'6.040104 Географія',14,3,1);
INSERT INTO team (id,name,teamtypeid,rootid,stateid) VALUES (162,'6.040105 Гідрометеорологія',14,3,1);
INSERT INTO team (id,name,teamtypeid,rootid,stateid) VALUES (163,'6.040103 Геологія',14,3,1);
/*Факультет прикладної математики*/
INSERT INTO team (id,name,teamtypeid,rootid,stateid) VALUES (164,'6.040301 Прикладна математика',15,3,1);
INSERT INTO team (id,name,teamtypeid,rootid,stateid) VALUES (165,'6.040302 Інформатика',15,3,1);
INSERT INTO team (id,name,teamtypeid,rootid,stateid) VALUES (166,'6.040303 Системний аналіз',15,3,1);
INSERT INTO team (id,name,teamtypeid,rootid,stateid) VALUES (167,'6.050103 Програмна інженерія',15,3,1);
/* Механіко-математичний факультет*/
INSERT INTO team (id,name,teamtypeid,rootid,stateid) VALUES (168,'6.040202 Механіка',16,3,1);
INSERT INTO team (id,name,teamtypeid,rootid,stateid) VALUES (169,'6.040201 Математика',16,3,1);
INSERT INTO team (id,name,teamtypeid,rootid,stateid) VALUES (170,'6.040205 Статистика',16,3,1);
INSERT INTO team (id,name,teamtypeid,rootid,stateid) VALUES (171,'6.050601 Теплоенергетика',16,3,1);
/* Фізико-технічний факультет*/
INSERT INTO team (id,name,teamtypeid,rootid,stateid) VALUES (172,'6.050701 Електротехніка та електротехнології',17,3,1);
INSERT INTO team (id,name,teamtypeid,rootid,stateid) VALUES (173,'6.050403 Інженерне матеріалознавство',17,3,1);
INSERT INTO team (id,name,teamtypeid,rootid,stateid) VALUES (174,'6.050503 Машинобудування',17,3,1);
INSERT INTO team (id,name,teamtypeid,rootid,stateid) VALUES (175,'6.050501 Прикладна механіка',17,3,1);
INSERT INTO team (id,name,teamtypeid,rootid,stateid) VALUES (176,'6.051102 6.051102 Двигуни та енергетичні установки літальних апаратів',17,3,1);
INSERT INTO team (id,name,teamtypeid,rootid,stateid) VALUES (177,'6.051003 Приладобудування',17,3,1);
INSERT INTO team (id,name,teamtypeid,rootid,stateid) VALUES (178,'6.050901 6.050901 Радіотехніка',17,3,1);
INSERT INTO team (id,name,teamtypeid,rootid,stateid) VALUES (179,'6.051103 6.051103 Авіоніка',17,3,1);
INSERT INTO team (id,name,teamtypeid,rootid,stateid) VALUES (180,'6.051101 Авіа- і ракетобудування',17,3,1);
INSERT INTO team (id,name,teamtypeid,rootid,stateid) VALUES (181,'6.170102 Системи технічного захисту інформації',17,3,1);

/*Центр заочної та вечірньої форм навчання*/
INSERT INTO team (id,name,teamtypeid,rootid,stateid) VALUES (182,'6.020303 Філологія (українська мова та література)',18,3,1);
INSERT INTO team (id,name,teamtypeid,rootid,stateid) VALUES (183,'6.020303 Філологія (англійська мова та література)',18,3,1);
INSERT INTO team (id,name,teamtypeid,rootid,stateid) VALUES (184,'6.030301 Журналістика',18,3,1);
INSERT INTO team (id,name,teamtypeid,rootid,stateid) VALUES (185,'6.030504 Економіка підприємства',18,3,1);
INSERT INTO team (id,name,teamtypeid,rootid,stateid) VALUES (186,'6.030508 Фінанси і кредит',18,3,1);
INSERT INTO team (id,name,teamtypeid,rootid,stateid) VALUES (187,'6.030601 Менеджмент',18,3,1);
INSERT INTO team (id,name,teamtypeid,rootid,stateid) VALUES (188,'6.020302 Історія',18,3,1);
INSERT INTO team (id,name,teamtypeid,rootid,stateid) VALUES (189,'6.030104 Політологія',18,3,1);
INSERT INTO team (id,name,teamtypeid,rootid,stateid) VALUES (190,'6.030101 Соціологія',18,3,1);
INSERT INTO team (id,name,teamtypeid,rootid,stateid) VALUES (191,'6.030102 Психологія',18,3,1);
INSERT INTO team (id,name,teamtypeid,rootid,stateid) VALUES (192,'6.030402 Правознавство',18,3,1);
INSERT INTO team (id,name,teamtypeid,rootid,stateid) VALUES (193,'6.040102 Біологія',18,3,1);
INSERT INTO team (id,name,teamtypeid,rootid,stateid) VALUES (194,'6.040104 Географія',18,3,1);
INSERT INTO team (id,name,teamtypeid,rootid,stateid) VALUES (195,'6.040201 Математика',18,3,1);
INSERT INTO team (id,name,teamtypeid,rootid,stateid) VALUES (196,'6.040302 Інформатика',18,3,1);

/*Групи*/
INSERT INTO team (id,name,teamtypeid,rootid,stateid) VALUES (197,'КП-11-1',5,149,1);
INSERT INTO team (id,name,teamtypeid,rootid,stateid) VALUES (198,'КМ-11-1',5,150,1);

/*Підгрупи*/
INSERT INTO team (id,name,teamtypeid,rootid,stateid) VALUES (199,'Підгруппа 1',6,197,1);
INSERT INTO team (id,name,teamtypeid,rootid,stateid) VALUES (200,'Підгруппа 1',6,198,1);
INSERT INTO team (id,name,teamtypeid,rootid,stateid) VALUES (201,'Підгруппа 2',6,197,1);
INSERT INTO team (id,name,teamtypeid,rootid,stateid) VALUES (202,'Підгруппа 2',6,198,1);
INSERT INTO team (id,name,teamtypeid,rootid,stateid) VALUES (203,'Підгруппа 3',6,198,1);
